"Exerted Attacks deal 50% more Damage if a Warcry Sacrificed Rage Recently","최근 4초 이내 함성으로 격노를 소모한 경우 전력 공격이 주는 피해 50% 증폭"
"# of Rampage Kills:","광란의 적 처치 횟수:"
"Ailment calculation mode:","질병 계산 방법:"
"Are you Blinded?","실명 되었나?"
"Armour calculation mode:","방어구 계산 방식:"
"Awakening Level:","각성 레벨:"
"EHP calculation mode:","손상 유형 계산 방식:"
"Enemy Hit Damage:","적 명중 피해:"
"Less Recovery Rate of Life and Energy Shield:","생명력,에너지보호막 회복속도 감소:"
"Life regen calculation mode:","생명력 재생 계산 방식:"
"Melee distance to enemy:","적과의 거리:"
"You will automatically be considered to be on Full Life if you have Chaos Inoculation,","카오스 면역이 있으면 자동으로 최대 생명력으로 간주되나,"
"as it cannot be imported.","밴딧 설정을 확인하세요."
"Offence/Defence","공격/방어"
"Power per point:","포인트 당 파워:"
"Power Report","파워 리포트"
"Show top node:","탑 노드 표시:"
"Tip: Hold Ctrl to hide this tooltip.","팁 :이 툴팁을 숨기려면 Ctrl 키를 누르세요."
"Unnamed build","이름없는 빌드"
"{0}% increased Damage with Hits for each Level higher the Enemy is than you","자신보다 레벨이 높은 적 하나당 타격 피해 {0}% 증가"
"{0}% reduced Damage with Hits and Ailments per Freeze, Shock and Ignite on Enemy","동결, 감전 및 점화된 적 하나당 타격 및 상태 이상 피해 {0}% 감소"
"{0}% reduced Heavy Strike Speed","묵직한 타격 속도 {0}% 감소"
"1 additional Lightning Trap Projectile","1개의 추가 번개 덫 투사체"
"1 additional maximum Blade Flurry stages","최대 질풍의 칼날 단계 1단계 추가"
"1 Volley","칼날 1개 추가"
"and nearby Allies Regenerate 200 Life per second","및 근접한 동료들이 초당 생명력 200 재생"
"Area contains a Rare Monster carrying a Tier 2 Talisman","지역에 2등급 부적을 보유한 희귀 몬스터 등장"
"Area contains a Unique Monster carrying a Tier 3 Talisman","지역에 3등급 부적을 보유한 고유 몬스터 등장"
"Area contains at least 1 Warband Pack","지역에 최소 1개 집단의 군벌 무리 등장"
"Area contains up to 1 Monster imprisoned by Essences","지역에 에센스에 갇힌 몬스터 최대 1마리 등장"
"Area contains up to 1 Shrine","지역에 최대 1개의 성소 존재"
"Arrows Pierce 1 additional Target","화살이 표적 1개를 추가 관통"
"Arrows Pierce 1 Target","화살이 표적 1개를 관통"
"Auras from your Skills grant 0.2% of Life Regenerated per second to","자신의 오라 스킬이 자신 및 동료들에게"
"Bow Attacks fire an additional Arrow while Main Hand Accuracy Rating is at least 3000","주 무기 정확도가 3,000 이상일 때 활 공격으로 화살 추가 발사"
"Can expand from 1 Frostbolt Projectile","1개의 서리 구체 투사체를 통해 확장 가능"
"Can explode from 1 Frostbolt Projectile","1개의 서리 구체 투사체를 통해 폭발 가능"
"Can inflict up to 1 Spider's Web on an Enemy","적에게 최대 1개의 거미줄 적용 가능"
"Cannot be Stunned if you have at least 10 Crab Barriers","게의 방어막을 10개 이상 보유한 경우 기절하지 않음"
"Consumes 1 Endurance Charge on use","사용 시 인내 충전 1개 소모"
"Consumes 1 Frenzy Charge on use","사용 시 격분 충전 1개 소모"
"Consumes 1 Power Charge on use","사용 시 권능 충전 1개 소모"
"Create Consecrated Ground when Hit, lasting 8 seconds","피격 시 8초간 지속되는 신성화 지대 생성"
"Create Consecrated Ground, lasting 6 seconds, when you Hit a Magic, Rare or Unique Enemy, up to once every 3 seconds","마법, 희귀 또는 고유 적 명중 시 3초마다 6초 동안 지속되는 신성화 지대 생성"
"Curse Enemies with Level 10 Vulnerability on Hit","명중 시 적이 10레벨 취약성 저주에 걸림"
"Effects of Consecrated Ground you create Linger for 1 second","플레이어가 생성하는 신성화 지대의 효과가 1초 더 유지됨"
"Every 10 seconds for 4 seconds, Curses have no effect on you","10초마다 4초 동안 저주에 걸리지 않음"
"Every 16 seconds you gain Elemental Overload for 8 seconds","16초마다 8초 동안 원소 과부하 획득"
"Every 16 seconds you gain Iron Reflexes for 8 seconds","16초마다 8초 동안 철의 반사신경 획득"
"Every 5 seconds, remove Curses and Elemental Ailments from you","5초마다 본인에게 걸린 저주 및 원소 상태 이상 제거"
"Every 8 seconds, gain Avatar of Fire for 4 seconds","8초마다 4초 동안 불의 화신 획득"
"Fire Trap throws up to 1 additional Trap","화염 덫이 최대 1개의 덫 추가 투척"
"Fires an additional Projectile for every 2 prior Mines in Detonation Sequence","연쇄 폭발 시 먼저 폭발한 지뢰 2개당 추가 투사체 1개 발사"
"Fires an additional Projectile for every 4 prior Mines in Detonation Sequence","연쇄 폭발 시 먼저 폭발한 지뢰 4개당 추가 투사체 1개 발사"
"Flasks gain a Charge every 3 seconds","플라스크가 3초마다 충전 획득"
"For each nearby corpse, you and nearby Allies Regenerate 5 Mana","주변의 시신 하나당 자신 및 주변 동료들이"
"Freezes you inflict spread to other Enemies within a Radius of 12","플레이어가 유발한 동결이 반경 12이내의 다른 적에게 확산"
"Gain {0} Endurance Charge per {1} Power","위세 {1}당 인내 충전 {0}개 획득"
"Gain 1 Gale Force when you use a Skill","스킬 사용 시 강풍의 힘 1개 획득"
"Gain 1 Rage when you Hit a Rare or Unique Enemy","희귀 또는 고유 적 명중 시 1 격노 획득"
"Gain 1 Stage when you Impale an Enemy while carrying the Banner, up to 5 per second","깃발을 들고 있는 동안 적을 꿰뚫으면 1단계 획득, 초당 최대 5개"
"Gain 1 Stage when you Kill an Enemy while carrying the Banner","깃발을 들고 가는 동안 적 처치 시 1단계 획득"
"Gain a Frenzy Charge after Spending a total of 200 Mana","총 200마나 소모 시 격분 충전 획득"
"Gain an Endurance Charge every 4 seconds while Stationary","정지 상태에서 4초마다 인내 충전 획득"
"Gain Arcane Surge after Channelling for 1 second","1초 동안 집중 유지 후 비전 쇄도 획득"
"Gain Arcane Surge for 4 seconds when you create Consecrated Ground while affected by Zealotry","열광 상태에서 신성화 지대를 생성하면 4초 동안 비전 쇄도 획득"
"Gain Arcane Surge on Hit with Spells if you have at least 150 Devotion","헌신이 150 이상인 경우 주문 명중 시 비전 쇄도 획득"
"Gain Her Blessing for 3 seconds when you Ignite an Enemy","적 점화 시 3초 동안 여신의 축복 획득"
"Gain Maddening Presence for 10 seconds when you Kill a Rare or Unique Enemy","희귀 또는 고유 적 처치 시 10초 동안 광포한 존재 획득"
"Gain Onslaught for 10 seconds on Kill","처치 시 10초 동안 맹공 획득"
"Gain Onslaught for 3 seconds when Hit","피격 시 3초 동안 맹공 획득"
"Gain Onslaught for 4 seconds on Hit while at maximum Frenzy Charges","최대 격분 충전 상태에서 명중 시 4초 동안 맹공 획득"
"Gain Onslaught for 4 seconds on Kill","처치 시 4초 동안 맹공 획득"
"Gain Phasing for 3 seconds when your Trap is triggered by an Enemy","자신의 덫이 적에 의해 발동되면 3초 동안 차원 능력 획득"
"Gain Phasing for 4 seconds on Kill","처치 시 4초 동안 차원 능력 획득"
"Gain Shaper's Presence for 10 seconds when you kill a Rare or Unique Enemy","희귀 또는 고유 적 처치 시 10초 동안 쉐이퍼의 존재 획득"
"Gain Unholy Might for 10 seconds on Kill","처치 시 10초 동안 불경한 힘 획득"
"Gain Unholy Might for 2 seconds on Critical Strike","치명타 시 2초 동안 불경한 힘 획득"
"Gain Unholy Might for 2 seconds on Melee Critical Strike","근접 치명타 시 2초 동안 불경한 힘 획득"
"Gain Unholy Might for 3 seconds on Kill","처치 시 3초 동안 불경한 힘 획득"
"Gain Unholy Might for 4 seconds on Critical Strike","치명타 시 4초 동안 불경한 힘 획득"
"Gain Unholy Might on block for 3 seconds","막아낼 시 3초 동안 불경한 힘 획득"
"Grants Level 20 Summon Bestial Rhoa Skill","20레벨 흉포한 로아 소환 스킬 적용"
"Grants Level 20 Summon Bestial Snake Skill","20레벨 흉포한 뱀 소환 스킬 적용"
"Grants Level 20 Summon Bestial Ursa Skill","20레벨 흉포한 곰 소환 스킬 적용"
"Grants Malachai's Endurance, Frenzy and Power for 6 seconds each, in sequence","6초 동안 순차적으로 말라카이의 인내, 격분, 권능 적용"
"Grants maximum Energy Shield equal to 10% of your Reserved Mana to","플레이어 및 주변 동료들에게 점유 마나의 10%와 동일한"
"you and nearby Allies","에너지 보호막 최대치 적용"
"Has 1 Abyssal Socket","심연 홈 1개"
"Has 1 Socket","홈 1개"
"Has 10 blades","칼날 10개 보유"
"Has Consumed 1 Gem","젬 1개 소모"
"If you've Attacked Recently, you","최근 4초 이내 공격한 경우 자신 및"
"and nearby Allies have +10% Chance to Block Attack Damage","주변 동료들의 공격 피해 막기 확률 +10%"
"If you've Blocked in the past 10 seconds, you","지난 10초 이내에 막아낸 경우"
"If you've Cast a Spell Recently, you","최근 4초 이내 주문을 시전한 경우 자신 및"
"and nearby Allies have +10% Chance to Block Spell Damage","주변 동료들의 주문 피해 막기 확률 +10%"
"Immune to Elemental Ailments while on Consecrated Ground if you have at least 150 Devotion","헌신이 150 이상인 경우 신성화 지대에 있는 동안 원소 상태 이상에 면역"
"Inflict Cold Exposure on Hit if you have at least 150 Devotion","헌신이 150 이상인 경우 명중 시 냉기 노출 유발"
"Inflict Fire Exposure on Hit if you have at least 150 Devotion","헌신이 150 이상인 경우 명중 시 화염 노출 유발"
"Inflict Lightning Exposure on Hit if you have at least 150 Devotion","헌신이 150 이상인 경우 명중 시 번개 노출 유발"
"Inflict Withered for 2 seconds on Hit","명중 시 2초 동안 위축 유발"
"Inflicts Fire Exposure for {0} seconds when Enemies enter the wall, applying {1}% to their Fire Resistance","적이 벽에 들어가면 {0}초 동안 화염 노출 유발, 적의 화염 저항 {1}%"
"Intimidate Enemies for 4 seconds on Hit with Attacks","공격 명중 시 4초 동안 적 위협"
"Intimidate Enemies for 4 seconds on Hit with Attacks while at maximum Endurance Charges","최대 인내 충전 상태에서 공격 명중 시 4초 동안 적 위협"
"Lancing Steel's primary Projectile Pierces 1 additional Target","강철 관통의 주 투사체가 표적 1개를 추가 관통"
"Maximum 15 Spikes","가시 최대치 15"
"Maximum 1 Summoned Phantasm","최대 1마리의 환영 소환"
"Minions Intimidate Enemies for 4 seconds on Hit","소환수가 적 명중 시 4초 동안 적 위협"
"Minions throw up to 1 additional Trap","소환수가 최대 1개의 덫 추가 투척"
"of their movement, reducing to 0% as they travel farther","피해 20% 증가, 투사체의 이동 거리가 멀어질수록 0%로 감소"
"Players gain Onslaught on Kill for 4 seconds","플레이어가 적 처치 시 4초 동안 맹공 획득"
"Primary Projectile Pierces 1 Target","주 투사체가 표적 1개를 관통"
"Projectiles deal 20% increased Damage with Hits to targets at the start","투사체가 발사 지점에 있는 대상에게 명중하는 경우"
"Projectiles Pierce 1 Target","투사체가 표적 1개를 관통"
"Projectiles Pierce 3 additional Targets","투사체가 표적 3개 추가 관통"
"Secondary Buff Lasts 1 second","2차 버프 1초간 지속"
"Skills which Throw Traps throw up to 1 additional Trap","덫 투척 스킬로 최대 1개의 덫 추가 투척"
"Supported Skills throw up to 1 additional Trap","보조 대상 스킬로 최대 1개의 덫 추가 투척"
"Talismans found in this Area are 1 Tier higher","이 지역에서는 1등급 이상의 부적이 발견됨"
"This Spell gains Intensity when you Cast it, to a maximum of 3","이 주문 시전 시 격렬함 획득, 최대 3 획득"
"Throw up to 1 additional Trap","최대 1개의 덫 추가 투척"
"Tormented Spirits drop 1 additional Rare Item","고통받는 혼백이 희귀 아이템 1개를 추가로 떨어뜨림"
"Trigger Level 1 Create Lesser Shrine when you Kill an Enemy","적 처치 시 1레벨 하급 성소 창조 발동"
"Trigger Level 18 Animate Guardian's Weapon when Animated Weapon Kills an Enemy","움직이는 무기가 적 처치 시 18레벨 움직이는 수호자의 무기 발동"
"Trigger Level 18 Summon Spectral Wolf on Kill","처치 시 18레벨 영체 늑대 소환 발동"
"Trigger Level 20 Animate Guardian's Weapon when Animated Guardian Kills an Enemy","움직이는 수호자가 적 처치 시 20레벨 수호자의 무기 움직이기 발동"
"Trigger Level 20 Glimpse of Eternity when Hit","피격 시 20레벨 영원의 눈길 발동"
"Trigger Level 8 Summon Raging Spirit on Kill","처치 시 8레벨 격노의 유령 소환 발동"
"Trigger this Skill after Spending a total of 200 Mana","총 200마나 소모 시 이 스킬 발동"
"Triggers Level 20 Primal Aegis when Allocated","할당 시 20레벨 원시 비호 발동"
"Triggers Level 20 Spectral Spirits when Equipped","장착 시 20레벨 영체 혼백 발동"
"Unnerve Enemies for 4 seconds on Hit","명중 시 4초 동안 적 낙담"
"Viper Strike grants Unholy Might for 4 seconds on Hit per Poison on Enemy","맹독 타격 명중 시, 적에게 중첩된 중독 하나당 4초 동안 불결한 힘 적용"
"Warcries Sacrifice 10 Rage if you have at least 25 Rage","격노가 25 이상인 경우 함성이 10의 격노 소모"
"Warcry Skills' Cooldown Time is 2 seconds","함성 스킬의 재사용 대기시간 2초"
"When a Player Kills a Synthesised Rare Monster, they gain its Modifiers for 20 seconds","플레이어가 결합 희귀 몬스터 처치 시 20초 동안 해당 몬스터의 속성 부여 획득"
"When Players Kill a Rare Monster they will gain 1 of its Modifiers for 20 seconds","플레이어가 희귀 몬스터 처치 시 20초 동안 해당 몬스터의 속성 부여 중 1개 획득"
"With 40 Intelligence in Radius, Glacial Cascade has an additional Burst","반경 내 지능이 40 이상이면 빙하 폭포가 1회 추가 폭발"
"With 40 total Dexterity and Strength in Radius, Spectral Shield Throw fires Shard Projectiles when Chaining","반경 내 민첩과 힘의 합이 40 이상이면 환영 방패 투척 연쇄 시 파편 투사체 발사"
"With a Murderous Eye Jewel Socketed, Intimidate Enemies for 4 seconds on Hit with Attacks","살인적인 눈 주얼을 장착하면 공격 명중 시 4초 동안 적 위협"
"With a Searching Eye Jewel Socketed, Maim Enemies for 4 seconds on Hit with Attacks","탐색자의 눈 주얼을 장착하면 공격 명중 시 4초 동안 적 힘줄 절단"
"With at least 40 Dexterity in Radius, Barrage fires an additional projectile simultaneously on the first and final attacks","반경 내 민첩이 40 이상이면 연발 사격의 첫 번째와 마지막 공격 시 추가 투사체를 동시에 발사"
"With at least 40 Dexterity in Radius, Burning Arrow spreads Burning Ground if it Ignites an Enemy","반경 내 민첩이 40 이상이면 불타는 화살이 적 점화 시 용암 지대 확산"
"With at least 40 Dexterity in Radius, Burning Arrow spreads Tar if it does not Ignite an Enemy","반경 내 민첩이 40 이상이면 불타는 화살이 적을 점화하지 않을 시 타르 확산"
"With at least 40 Dexterity in Radius, Fire Trap throws up to 1 additional Trap","반경 내 민첩이 40 이상이면 화염 덫이 최대 1개의 덫 추가 투척"
"With at least 40 Dexterity in Radius, Ice Shot Pierces an additional Target","반경 내 민첩이 40 이상이면 얼음 화살이 표적을 추가 관통"
"With at least 40 Dexterity in Radius, Split Arrow fires Projectiles in Parallel","반경 내 민첩이 40 이상이면 분할 화살이 병렬로 투사체 발사"
"With at least 40 Intelligence in Radius, 1 additional Spark Projectile","반경 내 지능이 40 이상이면 전기불꽃 투사체 추가"
"With at least 40 Intelligence in Radius, Blight inflicts Withered for 2 seconds","반경 내 지능이 40 이상이면 황폐가 2초 동안 위축 적용"
"With at least 40 Intelligence in Radius, Freezing Pulse fires an additional Projectile","반경 내 지능이 40 이상이면 동결 파동이 투사체 추가 발사"
"With at least 40 Intelligence in Radius, Frostbolt fires an additional Projectile","반경 내 지능이 40 이상이면 서리 구체가 투사체를 추가 발사"
"With at least 40 Intelligence in Radius, Spark fires an additional Projectile","반경 내 지능이 40 이상이면 전기불꽃이 투사체를 추가 발사"
"With at least 40 Intelligence in Radius, Spark Projectiles chain an additional time","반경 내 지능이 40 이상이면 전기불꽃 투사체 연쇄 추가"
"With at least 40 Strength in Radius, Ground Slam grants an Endurance Charge on Stun","반경 내 힘이 40 이상인 경우, 대지 강타로 적 기절 시 인내 충전 적용"
"With at least 40 Strength in Radius, Molten Strike fires an additional Projectile","반경 내 힘이 40 이상이면 용암 타격이 투사체를 추가 발사"
"You and Allies affected by your placed Banners Regenerate 0.1% of","설치한 깃발의 영향을 받는 플레이어 및 동료들이"
"You and Allies affected by your placed Banners Regenerate {0} of Life per second for each Stage","설치한 깃발의 영향을 받는 플레이어 및 동료들이 각 단계에서 초당 생명력의 {0} 재생"
"You and Allies affected by your placed Banners Regenerate {0}% of Life per second for each Stage","설치한 깃발의 영향을 받는 플레이어 및 동료들이 각 단계에서 초당 생명력의 {0}% 재생"
"You can inflict up to 300 Ignites on an Enemy","한 명의 적에게 최대 300개의 점화 적용 가능"
"You cannot be Stunned if you've been Stunned or Blocked a Stunning Hit in the past 2 seconds","지난 2초 이내에 기절 타격을 막아내거나 기절 타격에 기절한 경우 기절하지 않음"
"Your Hex Curse Spells create a Hexed Area for 1 second if you Cast them yourself","사술 저주 주문 직접 시전 시 1초 동안 사술 지역을 생성. 사술 지역에 있는 적은 사술에 걸리며,"
"Your Hits inflict Decay, dealing 500 Chaos Damage per second for 8 seconds","명중 시 8초 동안 초당 500 카오스 피해를 주는 부패 유발"
"Your Hits Intimidate Enemies for 4 seconds while you are using Pride","자부심을 사용하는 동안 플레이어가 적 명중 시 4초 동안 적 위협"
"25% increased Elemental Damage with Maces or Sceptres","철퇴나 셉터 사용 시 원소 피해 25% 증가"
"Enemies Taunted by you deal 20% less Damage with Hits and","플레이어가 도발한 적이 다른 대상에게 주는"
"Nearby Allies have 20% increased Attack, Cast and Movement Speed","주변 동료들의 공격, 시전 및 이동 속도 20% 증가"
"Regenerate 2% of Energy Shield per second for each","최근 4초 이내 플레이어 또는 소환수가 처치한 적 하나당"
"Cooldown Time","쿨타임"
"Effectiveness of Added Damage","추가 피해 효과"
"per second, up to 50 per second","1초마다 마나 5 재생, 최대 50 재생"
"and nearby Allies cannot be Stunned","자신 및 주변 동료들은 기절 면역"
"Attacks per Second","초당 공격 횟수"
"Weapon Range","사정 거리"
"Sockets","소켓"
"Chance to Block","막기 확률"
"Grants 1 Passive Skill Point","패시브 스킬 포인트 1 포인트 제공"
"Grants 2 Passive Skill Points","패시브 스킬 포인트 2 포인트 제공"
"You take 65% of Damage from Blocked Hits","막아낼 시 65%의 피해를 받음"
"100% chance to Defend with Double Armour","100% 확률로 2배의 방어도로 방어"
"Maximum Damage Reduction for any Damage Type is 50%","모든 피해 유형에 대한 피해 감소의 최대치는 50%"
"Bleeding Enemies you Kill Explode, dealing 10% of","출혈 중인 적을 처치하면 적이 폭발하여"
"their Maximum Life as Physical Damage","최대 생명력의 10%를 물리 피해로 줌"
"Gain Adrenaline for 20 seconds when you reach Low Life if you","아드레날린이 없는 경우 낮은 생명력 상태가 되면"
"do not have Adrenaline","20초 동안 아드레날린 획득"
"If you've Impaled an Enemy Recently, you","최근 4초 이내 적을 꿰뚫은 경우, 자신 및"
"and nearby Allies have +1000 to Armour","주변 동료들의 방어도 +1000"
"You and nearby Allies deal 6 to 12 added physical Damage for","자신 및 주변 동료들이 적을 꿰뚫을 때마다"
"each Impale on Enemy","물리 피해 6~12 추가"
"Inflict 4 additional Impales on Enemies you Impale","자신이 뛔뚫은 적에게 꿰뚫기 4회 추가 부여"
"For 4 seconds after you Impale Enemies, they cannot be Impaled again, and Impales cannot be Called from them","적을 꿰뚫은 후 4초 동안은 해당 적을 꿰뚫을 수 없으며 강철의 부름으로 해당 적의 꿰뚫기를 제거할 수 없음"
"15% increased Effect of Tailwind on you per Gale Force","강풍의 힘 하나당 자신에게 적용되는 순풍 효과 15% 증가"
"20% less Damage taken if you haven't been Hit Recently","최근 4초 이내 피격되지 않은 경우 받는 피해 20% 감폭"
"40% less Evasion Rating if you haven't been Hit Recently","최근 4초 이내 피격되지 않은 경우 회피 40% 감폭"
"20% more Evasion Rating if you've been Hit Recently","최근 4초 이내 피격된 경우 회피 20% 증폭"
"Variant:","유형:"
"Mines Hinder Enemies near them for 2 seconds when they Land,","지뢰 설치 시 주변의 적들을 이동 방해하여 2초 동안"
"reducing Movement Speed by 40%","이동 속도 40% 감소"
"50% less Life Regeneration Rate","생명력 재생 속도 50% 감폭"
"50% less maximum Total Recovery per Second from Life Leech","1초마다 생명력 흡수를 통해 획득하는 최대 총 회복량 50% 감폭"
"Auras from your Skills have 50% more Effect on you","자신의 오라 스킬이 효과 50% 증폭"
"50% more Mana Reserved","마나 점유 50% 증폭"
"While not on Full Life, Sacrifice 20% of Mana per Second to Recover that much Life","생명력이 최대가 아닐 경우, 1초마다 마나의 20%를 희생하여 그와 동일한 수치의 생명력 회복"
"10% increased Critical Strike Chance for each Mine Detonated","최근 4초 이내 폭발한 지뢰 하나당"
"Recently, up to 100%","치명타 확률 10% 증가, 최대 100%"
"+4% to Critical Strike Multiplier for each Mine Detonated","최근 4초 이내 폭발한 지뢰 하나당"
"Recently, up to 40%","치명타 피해 배율 +4%, 최대 40%"
"Ignite a nearby Enemy on Killing an Ignited Enemy","점화된 적 처치 시 주변의 모든 적에게 동일한 점화 피해"
"Mana Reserved","마나 점유"
"Grants a buff which adds lightning damage to spells","Herald of Thunder. 주문과 공격에"
"and attacks. If you kill a shocked enemy, this skill","번개 피해를 추가하는 버프를 부여합니다. 감전된"
"will create a storm, causing lightning bolts to strike","적을 죽이면 이 스킬이 폭풍을 만들어내 일정 시간"
"enemies around you for a duration. The damage","동안 번개 화살이 주변의 적들을 공격합니다. 이"
"inflicted by this skill is not affected by modifiers to","스킬로 인한 피해는 주문 피해 속성 부여에 영향을 받지 않게"
"spell damage.","합니다."
"Instant","즉시"
"Throws a trap that damages and immobilises a","Bear Trap. 일정 시간 동안 단일 적을"
"single enemy for a duration based on how much","제자리에 고정시키고 피해를 주는 덫을 던집니다."
"damage was dealt. After the immobilise expires, a","지속시간은 받은 피해량에 비례합니다. 덫에서"
"debuff remains on the enemy for a duration,","벗어난 적은 일정 시간 동안 이동 속도가"
"lowering their movement speed by an amount which","감소하지만, 시간이 지나면서 서서히 회복됩니다."
"lessens over time. The affected enemy will take","이 상태가 지속되는 동안 적은 덫과"
"increased damage from traps and mines until the","지뢰로부터 받는 피해가 증가합니다. 주문"
"debuff expires. Modifiers to spell damage do not","피해 속성 부여는 이 스킬의 피해에 영향을"
"affect this skill's damage.","주지 않습니다."
"Grants a buff which lets you deal more physical","Herald of Purity. 주는 물리 피해를"
"damage. When you kill an enemy while you have this","증폭시키는 버프를 부여하며, 효과를 받는 동안"
"buff, this skill will summon a Sentinel of Purity, or","적을 처치하면 정화의 파수꾼 1명이 소환되지만"
"refresh the duration and life of an existing one","이미 소환된 파수꾼의 수가 최대치라면 기존 파수꾼"
"instead if you have the maximum number of them.","1명의 지속시간과 생명력이 초기화됩니다. 정화의"
"The Sentinels of Purity have a single-target melee","파수꾼은 단일 대상에 근접 공격을 하거나 근접"
"attack and an area melee attack.","범위 공격을 합니다."
"Creates a crystal that pulses with cold for a","Frost Bomb. 일정 시간 동안 냉기로"
"duration. Each pulse applies a debuff to nearby","파동치는 수정을 생성합니다. 파동이 칠 때마다"
"enemies for a secondary duration which reduces life","주변의 적들에게 별도의 지속시간이 생기는"
"and energy shield regeneration rate, and reduces","디버프를 줍니다. 디버프는 생명력과 에너지"
"energy shield recharge rate, and also inflicts Cold","보호막 재생 속도, 에너지 보호막 재충전"
"Exposure. When the crystal's duration ends, it","속도를 낮추고 냉기 노출을 유발합니다."
"explodes, dealing heavy cold damage to enemies around","수정의 지속시간이 종료되면, 폭발하여 주변의"
"it.","적들에게 큰 냉기 피해를 줍니다."
"An expanding wave of energy surges forward,","Wave of Conviction. 팽창하는 에너지의"
"damaging enemies in a cone-shaped area over a","파도가 전방으로 뿜어지면서, 지속시간 동안 부채꼴"
"duration. Each enemy hit is inflicted with Exposure","형태 범위 내에 있는 적들에게 피해를 줍니다. 이"
"matching the element of which they took the","스킬에 피해를 받은 적들은 각자 가장 많은 피해를"
"highest damage. Only one Wave of Conviction can","받은 원소 속성의 노출효과가 부여됩니다."
"be active at a time","신념의 파도는 한 번에 하나의 속성만 적용됩니다."
"Engulfs you in magical fire that rapidly burns you","Righteous Fire. 시전자의 생명력과 에너지 보호막을"
"and nearby enemies. Your spell damage is","희생하여 주변의 적들을 마법 불꽃으로 빠르게 태웁니다."
"substantially increased while under this effect. The","효과를 시전하는 동안 적에게 가하는 주문 피해가 상당히"
"effect ends when you have 1 life remaining.","증가합니다.  시전자의 생명력이 1 남으면 효과가 종료됩니다."
"Summons an Ice Golem that grants you increased","Summon Ice Golem. 시전자의 치명타 확률과"
"Critical Strike Chance and Accuracy. The Ice Golem","정확도를 증가시켜주는 얼음 골렘을 소환합니다."
"can use an icy barrage spell and a chilling spinning","얼음 골렘은 근접 공격과 함께 얼음 연발 사격,"
"dash in addition to its melee attack.","냉기 회전 질주를 사용합니다."
"Create a sphere of water, or move an existing","Hydrosphere. 물로 된 구체를 생성하거나,"
"sphere and reset its duration. The sphere","기존의 구체를 움직이고 지속 시간을 초기화합니다."
"continually applies a drenched debuff with a short","구체는 범위 내의 적들이나 통과하는 적들에게 지속적"
"duration to enemies in its area or those it moves","으로 짧은 시간동안 ""흠뻑 젖음"" 디버프를 적용합니다."
"through. You can hit the sphere with other skills to","다른 스킬로 구체를 적중시키면 (냉각이 아닌) 냉기"
"inflict Cold and Lightning Ailments (other than Chill).","및 번개 상태 이상을 적용할 수 있습니다. 구체는"
"The sphere pulses when created, at regular intervals","생성되면 상태 이상이 적용되어 있는 동안 일정 간격으로"
"while afflicted by an Ailment, and after moving,","파동을 방출하고, 움직인 후에는 넓은 범위 내에 있는"
"damaging all drenched enemies in a large area.","흠뻑 젖은 모든 적에게 피해를 줍니다."
"Summons a Chaos Golem that grants you Physical","Summon Chaos Golem. 시전자가 받는 물리"
"Damage Reduction. The Chaos Golem can use a","피해를 감소시켜주는 카오스 골렘을 소환합니다. 카오스"
"damage over time Chaos aura and a cascade of","골렘은 적에게 지속 피해를 주는 카오스 오라를 사용하며,"
"Chaos spikes in addition to its melee attack.","근접 공격과 전방으로 뻗어나가는 카오스 가시를 발사합니다."
"Summons a Stone Golem that grants you life","Summon Stone Golem. 시전자에게 생명력 재생"
"regeneration. In addition to its melee attack, the","능력을 부여하는 돌 골렘을 소환합니다. 돌 골렘은 근접"
"Stone Golem uses a rolling charge and a powerful","공격과 더불어, 구르기와 적을 도발하는 강력한 강타를"
"slam that can taunt enemies.","사용합니다."
"Summons a Carrion Golem that grants added","Summon Carrion Golem. 비-골렘 소환수에게"
"physical damage for your non-golem minions. The","추가 물리 피해를 부여하는 부패 골렘을 소환합니다."
"Carrion Golem attacks with a series of slashes that","부패 골렘은 속도와 피해량이 점차 증가하는 베기 공격을"
"increase in speed and damage, as well as a cascade","하며, 뼈다귀로 만들어진 가시를 폭포처럼 쏟아냅니다."
"of bone spikes, and deals more damage for each of","또한 부패 골렘이 가하는 피해량은 근처에 위치한 비-골렘"
"your non-golem minions near it.","소환수의 수에 비례하여 증가합니다."
"Throws a mine that deals damage in an area when","Pyroclast Mine. 폭발 시 범위 피해를"
"detonated.","주는 지뢰를 투척합니다."
"Throws a mine that fires projectiles around it when","Icicle Mine. 폭발 시 주변으로"
"detonated. These projectiles quickly dissipate as","투사체를 발사하는 지뢰를 투척합니다. 지뢰에서"
"they travel, before disappearing","발사된 투사체는 이동하면서 빠르게 사라집니다."
"Apply a powerful debuff to enemies around you","Vaal Blight. 시전자 주변에 디버프를"
"which deals chaos damage over time. Then applies","걸어 지속 카오스 피해를 줍니다. 그 후"
"two additional layers in a larger area, growing","더 큰 범위로 2번의 디버프를 걸며 단계별로"
"greatly in size each time. Enemies are also","범위가 크게 넓어집니다. 적들은 별도의 짧은"
"substantially hindered for a shorter secondary","지속시간 동안 상당한 이동 방해를 받아 이동이"
"duration, slowing their movement.","느려지게 됩니다."
"Apply a debuff to enemies in front of you which","Blight. 전방의 적들에게 디버프를 걸어 지속"
"deals chaos damage over time. Enemies who aren't","카오스 피해를 줍니다. 기존에 황폐 디버프에 걸리지"
"already debuffed by Blight are also hindered for a","않은 적들은 이보다 짧은 별도의 지속시간 동안 이동"
"shorter secondary duration, slowing their movement.","방해를 받아 이동이 느려집니다. 집중 유지를 계속하면"
"Continued channelling adds layers of damage to the","디버프가 중첩되어 지속 피해가 단계적으로 증가하며,"
"debuff, each with their own duration.","각각 별도의 지속시간을 갖습니다."
"detonated, then launches fiery projectiles that rain","주는 지뢰를 투척하면, 불타는 투사체들이 발사되어"
"down around it, each dealing damage in a smaller","그 주변에 쏟아져 내리면서 개별적으로 작은 범위에"
"area.","피해를 줍니다."
"Create a wall of fire for a duration, which deals","Flame Wall. 일정 시간 동안 불꽃으로"
"burning damage to everything in its area. Each","벽을 생성하여 사정거리 내에 있는 모든 것에"
"enemy that enters the wall also receives a","화염 피해를 줍니다. 벽에 들어가는 적은 벽을"
"secondary burning debuff which persists for a short","떠난 후 짧은 시간 동안 지속되는 2차 화상"
"duration after leaving the wall. Any projectiles fired","디버프를 받습니다. 플레이어나 동료들이 발사하는"
"through the wall by you and allies deal added fire","투사체가 이 벽을 통과하면 투사체에 화염 피해가"
"damage and apply the wall's secondary debuff on","추가되고, 명중 시 벽과 동일한 2차 화상"
"hit.","디버프를 줍니다."
"Unleash a beam of fire that burns enemies it","Scorching Ray. 적들에게 화상을 주는"
"touches. Remaining in the beam intensifies the","화염 광선을 시전합니다. 광선 속 적들은 화상이"
"burning, adding a portion of the beam's damage in","심해지며, 단계가 거듭될수록 광선의 피해가 추가됩니다."
"stages. Inflicts Fire Exposure at maximum stages.","최대 단계에 이르면 적에게 화염 노출을 적용합니다."
"Enemies who leave the beam continue to burn for a","광선에서 벗어난 적들은 일정 시간 동안 화상이"
"duration. Increasing cast speed also increases the","지속됩니다. 시전 속도가 빨라지면 광선이 선회하는"
"rate at which the beam can turn.","속도도 빨라집니다."
"Throws a trap that applies debuff beams to a","Siphoning Trap. 지속시간 동안 다수의"
"number of nearby enemies for a duration. The","근접한 적에게 디버프 광선을 시전하는 덫을"
"beams chill enemies and deal cold damage over","투척합니다.  광선은 적을 냉각시켜 지속 냉기"
"time. A beam is also applied to you, granting life","피해를 주는 동시에, 적에게 걸린 디버프 광선의"
"and mana regeneration based on the number of","숫자에 비례해 시전자는 생명력과 마나 재생을"
"debuff beams affecting enemies.","얻습니다."
"Grants a buff adding cold damage to spells and","Herald of Ice. 주문과 공격에 냉기"
"attacks. If you shatter an enemy, this skill will","피해를 추가하는 버프를 부여합니다. 적을"
"cause them to explode and deal AoE cold damage to","박살내면 이 스킬이 해당 적을 폭발시켜 적들에게"
"enemies near them. This damage is not affected by","범위 냉기 피해를 줍니다. 이 피해는 주문 피해"
"modifiers to spell damage.","속성 부여에 영향을 받지 않습니다."
"Summons a Flame Golem that grants you increased","Summon Flame Golem. 시전자가 하는 모든"
"Damage. The Flame Golem can use a fire spray, a","공격의 피해를 증가시켜주는 화염 골렘을 소환합니다."
"wave of fire damage, and an explosive arcing","화염 골렘은 화염 분사, 화염 피해의 파도, 포물선을"
"projectile.","그리며 날아가는 폭발성 투사체를 사용합니다."
"Performs a melee attack, and causes lightning to","Smite.근접 공격으로 목표 지점이나 주변의"
"strike a targeted location or nearby enemy, dealing","적에게 벼락을 떨어트려 범위 피해를 줍니다."
"damage in an area. If the melee strike hits a target,","근접 공격이 대상을 명중하는 경우 해당 적에겐"
"that enemy cannot also be hit by the area damage.","범위 피해를 주지 않습니다. 이 스킬로 적을"
"If this skill hits an enemy, you gain an aura buff,","명중시키면 오라 버프를 획득하여, 시전자와"
"granting you and your allies additional lightning","동료들은 지속시간 동안 추가 번개 피해를 줍니다."
"damage for a duration. Requires a Sword, Axe,","검이나 도끼, 철퇴, 셉터, 지팡이 착용 혹은"
"Mace, Sceptre, Staff or Unarmed.","비무장 상태여야 합니다."
"Attack Speed Multiplier","공격 속도 배율"
"{0}% of base","기본의 {0}%"
"Summons a Lightning Golem that grants you","Summon Lightning Golem. 시전자의"
"increased Attack and Cast speed. The Lightning","공격 및 시전 속도를 증가시키는 번개 골렘을"
"Golem fires a projectile spell, creates orbs of","소환합니다. 번개 골렘은 투사체 주문을"
"Lightning that zap nearby enemies, and casts a","발사하며, 주변의 적을 공격하는 번개 구슬을"
"temporary aura that grants added Lightning","소환합니다. 골렘과 주변 동료들의 주문과"
"Damage to spells and attacks used by the Golem","공격에 번개 피해를 추가하는 일시적 오라를"
"and its nearby allies.","시전합니다."
"Grants a buff giving more poison damage and a","Herald of Agony. 독 피해를 증가시키고"
"chance to inflict poison. When you poison an enemy","일정 확률로 중독시키는 버프를 시전합니다. 이 버프를"
"while you have this buff, you gain Virulence, and","받는 동안 적을 중독시키면, 플레이어는 병독성을"
"summon an Agony Crawler minion that uses","획득하고, 동시에 투사체를 사용하여 범위 공격을"
"projectile and area attacks. You will lose Virulence","가하는 고통의 벌레를 소환합니다. 시간이 지나면"
"over time, at a rate which increases the more","병독성을 잃게 되며, 더 많은 병독성을 획득할수록"
"Virulence you have. The minion will die when you","더 빠르게 잃습니다. 병독성을 모두 잃으면 소환수는"
"have no Virulence.","사망합니다."
"Sacrifices a portion of your Life and Energy Shield","Vaal Righteous Fire. 시전자의 총 에너지 보호막과"
"to engulf you in magical fire that rapidly burns","생명력을 일부 희생하여, 일정 시간 동안 주변의 적들을"
"nearby enemies for a duration. Your spell damage is","마법 불꽃으로 빠르게 태웁니다. 효과를 시전하는 동안"
"substantially increased while under this effect.","적에게 가하는 주문 피해가 상당히 증가합니다."
"Channel this skill to move towards a targeted","Cyclone. 이 스킬에 집중을 유지하면,"
"location while spinning, building up stages while","회전하는 동안 목표 지점으로 이동하면서 주변"
"constantly attacking enemies in an area around","지역의 적들을 지속적으로 공격하고 단계를"
"you. While channelling this skill, you cannot be","형성합니다. 스킬에 집중을 유지하는 동안에는"
"knocked back.","밀려나지 않습니다."
"Summons an Ancestor Totem which attacks enemies","적을 근접 공격을 하는 선대의 토템을 소환합니다."
"with melee strikes while you're near it. Being near it","토템 근처에 있으면 공격 속도가 증가합니다."
"grants you more attack speed.","토템과 일정거리 이상 멀어지면 공격을 중단합니다."
"with a powerful slam while you're near it. Being near","토템과 가까이 있으면 시전자가 주는"
"it grants you more melee damage.","근접 피해가 증가합니다."
"with a powerful cascading slam while you're near it.","적이 멀리 떨어져 있을 경우, 적에게"
"If the enemies are far away, it will leap toward them","도약해 공격합니다. 토템과 가까이"
"as it slams. Being near it grants you more melee","있으면 시전자가 주는 근접 피해가 증가"
"damage.","합니다."
"Slams the ground at a targeted location. If an","Consecrated Path. 목표 지점의 지면을"
"enemy is near where you target, you'll teleport to it","강타합니다. 목표 지점 주위에 적이 있을 경우,"
"from a short distance away, slam, and create an","그곳으로 단거리 순간이동을 하며 충돌하여 신성화"
"area of consecrated ground. Can't be supported by","지대를 생성합니다. 연속타격 보조는 받을 수"
"Multistrike, and requires a Sword, Axe, Mace,","없습니다. 검이나 도끼, 철퇴, 셉터, 지팡이"
"Sceptre, Staff or Unarmed.","착용 혹은 비무장 상태여야 합니다."
"Fire arrows into the air that rain down around the","Toxic Rain. 허공으로 화살을 쏘면, 목표"
"targeted area, dealing damage to enemies they hit","지역 주위에 떨어져 내리며 명중한 적에게 피해를"
"and creating spore pods where they land. Each","주고 떨어진 곳에 포자 주머니를 만듭니다. 각 포자"
"spore pod deals chaos damage over time to nearby","주머니는 주변의 적들에게 지속 카오스 피해를 주고"
"enemies and slows their movement speed. The pods","이동 속도를 느리게 만듭니다. 주머니는 지속시간이"
"last for a duration before bursting, dealing area","경과하면 폭발하여 범위 피해를 주게"
"Channel to infuse an arrow with chaos, gaining","Scourge Arrow. 집중 유지로 화살에"
"stages while it is held. Release to fire it, leaving","카오스의 힘을 주입한 뒤 겨누고 있는 동안 단계를"
"spore pods in its wake. Each spore pod blooms,","획득합니다. 화살을 발사하면 지나가는 경로에 포자"
"firing thorn arrows, which travel for a short time","주머니를 남깁니다. 포자 주머니는 개별적으로"
"before dissipating. Modifiers that cause additional","만개함과 동시에, 가시 화살을 발사하며 잠시"
"projectiles to be fired will only apply to the initial","동안 날아가다 소멸합니다. 추가 투사체 발사"
"arrows, and the spore pods will be split between","속성 부여는 최초의 화살에만 적용되며, 포자"
"those arrows.","주머니는 해당 화살들에 분할됩니다."
"Performs a warcry, taunting nearby enemies to","함성을 질러 주변의 적들을"
"attack the user and exerting subsequent attacks.","도발해 시전자를 공격하게 하고, 이어지는 공격에"
"Covers enemies in ash, causing them to move slower","전력을 다합니다. 적들을 재로 뒤덮어 이동 속도를"
"and take increased fire damage. Affected enemies","느리게 만들고, 받는 화염 피해를  증가시킵니다."
"explode when they die, dealing fire damage in an","영향을 받은 적은 사망하면 폭발하여 범위 내에 화염"
"Deals attack damage in an area.","지역에 공격 피해를 줍니다."
"Performs a warcry, taunting all nearby enemies to","Enduring Cry. 함성을 질러 주변의 모든"
"attack the user and exerting subsequent strike","모든 적을 도발하여 시전자를 공격하게 하고"
"attacks. Grants a buff which gives you bonus","이어지는 타격 공격에 전력을 다합니다. 방어도와"
"armour and melee range.","근접 범위를 증가시키는 버프를 부여합니다."
"Animates a melee weapon or armour, attaching it to","Animate Guardian. 근접 무기와 방어구를"
"an invisible Guardian that fights by your side.","움직여 보이지 않는 수호자에게 착용시키고 시전자를"
"Animating multiple items attaches them to the same","위해 싸우게 합니다. 다수의 아이템을 움직이면 같은"
"Guardian. You cannot animate unidentified items.","수호자에게 부착됩니다. 미확인 아이템에는 사용할 수"
"Cannot be used by Traps or Mines.","없습니다. 덫이나 지뢰 스킬에는 적용되지 않습니다."
"Animates a Melee Weapon Item or Lingering Blade to","Animate Weapon. 근접 무기 아이템이나 지속되는"
"fight by your side. You cannot animate unidentified","칼날을 움직이게 만들어 시전자와 함께 싸우게 합니다."
"Weapons. Will not animate weapons with 6 sockets","미확인 무기에는 사용할 수 없습니다. 특별히 대상으로"
"unless specifically targeted. Cannot be used by","지정하지 않는 한 홈이 6개인 무기는 기동하지 않습니다."
"Traps or Mines.","덫이나 지뢰 스킬에는 적용되지 않습니다."
"An arc of lightning stretches from the caster to a","Arc. 시전자로부터 지정된 적에게 번개"
"targeted enemy and chains on to other nearby","줄기가 뻗어 나가 주변의 적들에게 옮겨가며,"
"enemies. Each time the main beam chains it will","연쇄될때마다 그 피해가 조금씩 감소합니다."
"also chain to a second enemy, but that secondary","번개 줄기의 연쇄효과는 첫 줄기에만 적용되며,"
"arc cannot chain further.","파생된 줄기에는 적용되지 않습니다."
"Creates a magical brand which can attach to a","Arcanist Brand. 주변의 적에게 자동"
"nearby enemy. It periodically activates while","부착되는 마법의 낙인을 생성합니다. 낙인은 부착된"
"attached, triggering linked spells. The brand will","동안 활성화되어 연결된 주문을 발동시킵니다. 낙인이"
"detach if the enemy dies.","부착된 적 사망 시 낙인은 자동 분리됩니다."
"Arcanist Brand Support","신비학자 낙인 보조"
"Supports spell skills that do not reserve mana.","마나를 점유하지 않는 주문 스킬을 지원합니다."
"Cannot support skills used by totems, traps or","토템, 덫 또는 지뢰에서 사용하는 스킬을 지원할"
"mines. Cannot modify the skills of minions.","수 없습니다. 소환 스킬에 적용할 수 없습니다."
"Fire an icy projectile that bursts on impact or when","Creeping Frost. 대상 지점에 도달하거나"
"reaching the targeted area, dealing area damage","충돌 시 폭발하는 얼음 투사체를 발사하여 범위"
"and creating a chilling area that deals cold damage","피해를 주고 지역을 냉각시켜 지속 냉기 피해를"
"over time. This area will creep across the ground","줍니다. 해당 지역은 지속시간이 끝날 때까지"
"towards nearby enemies until its duration expires.","적들을 찾아 이동합니다."
"attached, causing a fiery meteor to fall from the","동안 활성화되어 하늘에서 불타는 유성을 떨어트립니다."
"sky. The brand will detach if the enemy dies.","낙인이 부착된 적 사망 시 낙인은 자동 분리됩니다."
"Summons a ballista totem that propels a sequence","Artillery Ballista. 허공으로"
"of fiery arrows into the air. The arrows impact the","불타는 화살을 연속 발사하는 쇠뇌 토템을"
"ground in a line, each dealing area damage to","소환합니다. 화살은 지면에 일렬로 충돌하여"
"enemies around it.","각각 주변의 적들에게 범위 피해를 줍니다."
"Fires a slow-moving projectile that periodically","Ball Lightning. 움직이는"
"damages enemies in an area around it with bolts of","투사체를 시전해 적들에게 지속 번개"
"lightning.","피해를 줍니다."
"After a short preparation time, you attack","Barrage. 잠깐의 준비 시간 후"
"repeatedly with a ranged weapon. These attacks","원거리 무기로 빠르게 연속 사격합니다."
"have a small randomised spread. Only works with","이 공격은 무작위로 좁은 범위에 확산됩니다."
"Bows and Wands.","활과 마법봉으로만 사용할 수 있습니다."
"Deals spell damage in a targeted area. When this","Blade Blast. 목표 지역에 주문 피해를 줍니다."
"spell deals damage, if your Lingering Blades or","이 주문으로 피해를 줄 때 주변에 지속되는 칼날이나"
"Blade Vortex blades are nearby, it will detonate","칼날 소용돌이의 칼날이 있으면 그 칼날을 터뜨려 주변"
"them, dealing damage again in an area around","지역에 다시 피해를 줍니다. 이 방식으로 칼날을"
"them. Up to 50 Blades can be detonated this way.","최대 50개까지 터뜨릴 수 있습니다."
"This spell creates ethereal blades which orbit in an","Blade Vortex. 시전자 주변을"
"area around you, dealing damage every 0.6 seconds","맴도는 천상의 칼날을 만들어, 0.6초마다"
"to all enemies in their radius. As more blades are","반경 내의 적에게 피해를 줍니다."
"added, the damage becomes greater and more","칼날이 추가 될수록 더 많은 피해를"
"frequent.","줍니다."
"Ethereal weapons rain from the sky, dealing damage","Bladefall. 하늘에서 천상의 무기가 떨어져"
"to enemies in a sequence of volleys, each wider but","적들에게 피해를 주고, 매번 공격할 때마다 이전보다"
"less damaging than the last. Enemies can be hit","범위는 넓어지지만 피해는 줄어듭니다. 중첩되는"
"multiple times where these overlap.","지점에 있는 적들은 여러 번 공격당할 수 있습니다."
"Fires arrows up in the air, to rain down in an area.","Blast Rain. 여러 발의 화살을 허공으로"
"Each arrow deals area damage around where it","발사합니다. 발사된 화살들은 일정 범위에"
"lands, and they will all overlap on the targeted","떨어지며, 각 화살은 주변에 범위 피해를 주고"
"location.","모든 폭발은 목표 지점에 중첩됩니다."
"Fires projectiles which fly in an arc, exploding on","Blazing Salvo. 원호 형태로 날아가는"
"impact with either enemies or the ground near","투사체를 발사하고, 적이나 대상 지역"
"where you target. Targeting farther away causes","근처의 땅에 충돌 시 폭발시킵니다."
"the projectiles to spread out and land over a wider","대상 지역이 멀수록 투사체가 확산되어 더 넓은"
"Fires an arrow at the target destination. When the","Blink Arrow. 목표 지점에 화살을"
"arrow lands, you are teleported to it and a clone is","발사하여 땅에 떨어지면 플레이어는 그곳으로"
"summoned at your old location. The clone is a","순간이동하고 원래 지점에는 분신이 소환됩니다."
"minion that uses your bow and quiver.","분신은 플레이어의 활과 화살통을 사용하는 소환수입니다."
"Fires a projectile that will pierce through enemies to","Unearth. 적들을 관통하여 목표"
"impact the ground at the targeted location,","지점에 충돌한 후, 뼈 궁수 시체를"
"creating a Bone Archer corpse where it lands.","생성하는 투사체를 발사합니다."
"Fires a burning arrow that deals fire damage. If it","Burning Arrow. 화염 피해를 주는"
"ignites an enemy, it will also inflict an additional","불타는 화살을 발사합니다. 적이 점화될 경우"
"debuff for a duration, dealing burning damage","지속시간 동안 추가로 디버프를 유발해 점화"
"based on the magnitude of the ignite. This damage","규모에 기반한 화상 피해를 줍니다. 이"
"is not affected by your damage modifiers. Up to","피해는 플레이어의 피해 속성 부여에 영향을"
"five of these debuffs can apply simultaneously to","받지 않으며, 디버프는 적 하나당 최대 5회까지"
"an enemy.","중첩됩니다."
"Repeatedly hit enemies in a circle in front of you","Blade Flurry. 집중 유지 동안"
"while channelling, dealing damage to and around","전방의 원형 범위 내의 적들에게 피해를"
"the enemy. The damage is continually boosted while","줍니다. 집중 유지를 지속하는 동안 피해는"
"channelling. You unleash an additional hit for each","점차 증가합니다. 집중 유지가 끝나면 각"
"stage reached once the channelling ends. Requires","단계에 따라 추가로 적에게 피해를 줍니다."
"a Dagger, Claw or One-Handed Sword.","단검이나 클로, 한손 검이 필요합니다."
"Channel to project an illusion which you steer. You","Charged Dash. 집중 유지로 플레이어가 조종하는"
"gain stages while it moves, until it stops at a","환상을 투영합니다. 최대 거리에 도달해 멈출 때까지,"
"maximum total distance. Waves of area damage","환상이 움직이는 동안 단계를 획득합니다. 공격 속도에"
"frequently pulse along its path, based on your","비례해, 경로를 따라 범위 피해의 파도가 수시로 파동을"
"attack speed. Stop channelling to teleport to the","치게 됩니다. 집중 유지를 멈추면 환상이 있는 곳으로"
"illusion, dealing a final wave of damage.","순간이동하며, 마지막으로 피해의 파도를 방출합니다."
"The character swings their weapon (or both","Cleave. 무기(쌍수일 경우 2개 모두)를"
"weapons if dual wielding) in an arc, damaging","크게 휘둘러 범위 내 몬스터들에게"
"monsters in an area in front of them. Only works","피해를 줍니다. 도끼와 검으로만"
"with Axes and Swords.","사용할 수 있습니다."
"Fires a poisonous projectile based on your weapon","Cobra Lash. 적들 사이에 연쇄되는 맹독성"
"that will chain between enemies. Requires a Dagger","투사체를 발사합니다. 투사체는 무기별로 달라집니다."
"or Claw.","단검이나 클로가 필요합니다."
"Creates a sudden burst of cold in a targeted area,","Cold Snap. 대상 지역에 갑작스런 냉기"
"damaging enemies. This also creates an expanding","폭발을 일으켜 적에게 피해를 줍니다. 또한"
"area which is filled with chilled ground, and deals","넓은 범위의 지면을 냉각시켜 적에게 지속"
"cold damage over time to enemies. Enemies that die","냉기 피해를 줍니다. 스킬 지역에서 적이"
"while in the area have a chance to grant Frenzy","사망할 시 일정 확률로 격분 충전을 획득합니다."
"Charges. The cooldown can be bypassed by","격분 충전을 소모하면 해당 스킬을 즉시"
"expending a Frenzy Charge.","사용할 수 있습니다."
"Unleashes a vile contagion on enemies, dealing","Contagion. 대상 지역에 전염병을 일으켜"
"chaos damage over time. If an enemy dies while","지속 카오스 피해를 줍니다. 적이 전염병에 걸린"
"affected by Contagion, it spreads to other enemies.","상태로 사망 시 주변 다른 적들에게 전염됩니다."
"Cluster","스킬 군"
"Timeless","무궁한"
"Warstaff","전쟁 지팡이"
"Added Small Passive Skills grant: 10% increased Attack Damage","추가된 소형 패시브 스킬 효과: 공격 피해 10% 증가"
"Added Small Passive Skills grant: 12% increased Lightning Damage","추가된 소형 패시브 스킬 효과: 번개 피해 12% 증가"
"Throws a trap that, when triggered by an enemy,","Conversion Trap. 덫을 던져"
"converts that enemy to your side for a short","적이 발동시키면 해당 적을 잠시 동안"
"duration. Does not affect unique monsters or","아군으로 만듭니다. 고유 몬스터나"
"players.","플레이어에게는 영향을 주지 않습니다."
"A targeted corpse explodes, dealing area damage","Cremation. 시신이 폭발하여"
"and turning into a volcanic geyser, which will","범위 피해를 주고, 분화구가 되어"
"repeatedly unleash projectiles sequentially over the","지속시간 동안 주변 지역에 투사체를"
"surrounding area for a duration. The explosion of","발사합니다. 시신의 폭발은 주문"
"the corpse is not affected by modifiers to spell","피해 속성 부여에 영향을 받지 않으며"
"damage, and cannot be reflected.","반사할 수 없습니다."
"Violently destroys your body and recreates it at the","Bodyswap. 시전자의 몸을 난폭하게"
"location of a targeted enemy or corpse, dealing","파괴하면 대상 적이나 시신이 위치한 곳에"
"spell damage in an area at both locations. If there","재생되면서 양쪽 지점에 주문 피해를 줍니다."
"is no specific target, it will prioritise corpses over","특정한 대상이 없을 경우 적보다 시신을 우선합니다."
"enemies. If targeting a corpse, the corpse will also","시신을 대상으로 할 경우 해당 시신 또한"
"explode, dealing damage around it that is not","폭발하면서 그 주변에 피해를 줍니다. 이는 주문"
"affected by modifiers to spell damage, and cannot","피해 관련 속성 부여에 영향을 받지 않으며"
"be reflected. This spell cannot be repeated.","반사되지도 않습니다. 이 주문은 반복되지 않습니다."
"Release a beam which deals lightning damage to","Crackling Lance. 전방의 긴"
"enemies in a long area in front of you, and has","지역에 있는 적에게 번개 피해를 주고,"
"several smaller beams branch off from it at an","여러 개의 작은 광선으로 비스듬히 갈라져"
"angle, hitting more enemies to the sides.","양옆의 적을 추가로 적중하게 합니다."
"This spell removes some life from one of your","Dark Pact. 시전자나 대상 지점에"
"Skeleton minions near you or the targeted location","있는 해골 소환수 중 하나의 생명력 일부를"
"to deal chaos damage in an area around it. This","제거하고 주위에 카오스 피해를 줍니다."
"effect will chain to your other nearby skeletons. If","해당 효과는 근처에 있는 다른"
"you have no skeletons near you or the targeted","해골들에게 연쇄됩니다. 시전자 또는"
"location, it will sacrifice your own life to deal","근처에 해골이 없을 경우, 시전자의"
"damage instead.","생명력을 희생하여 피해를 줍니다."
"Applies a debuff to enemies in an area, which deals","Bane. 범위 내의 적들에게 지속 카오스"
"chaos damage over Time. Linked hex curses are also","피해를 주는 디버프를 겁니다. 해당 적들에게는"
"applied to those enemies. The debuff deals more","연결된 사술 저주도 적용됩니다. 이러한 방식으로"
"damage and lasts longer for each hex applied this","사술이 걸릴 때마다 주는 피해가 증폭되고 더"
"way.  This skill cannot be used by Totems, Traps, or","오랫동안 지속됩니다. 토템, 덫, 지뢰로는 이"
"Mines.","스킬을 사용할 수 없습니다."
"Performs a series of quick teleports towards a","Dash. 목표 지점으로 신속히 순간이동합니다."
"targeted location. If using the ""Attack in Place""","제자리 공격 옵션을 사용할 경우, 반대"
"option, the direction is reversed. Shares a cooldown","방향으로 움직입니다. 다른 점멸 스킬과 재사용"
"with other Blink skills.","대기시간을 공유합니다."
"Summons a totem that taunts nearby monsters to","Decoy Totem. 주변 몬스터들을 도발하여"
"attack it.","공격하게 만드는 토템을 소환합니다."
"Desecrates the ground, summoning corpses and","Desecrate. 지면을 훼손하고"
"dealing chaos damage to all enemies in the area.","시체를 소환하여 범위 내의 대상에게"
"The corpses will be chosen from the monsters in the","카오스 피해를 줍니다."
"current area and any Spectres that have existed in","시신들은 현재 지역의 적들 중에서"
"this instance.","선택됩니다."
"Targets a corpse, and deals spell damage to","Detonate Dead. 시신을 대상으로"
"enemies around the corpse, as well as causing the","시신을 폭발시켜 화염 피해와 주문"
"corpse to explode, dealing fire damage. The","피해를 줍니다."
"explosion is not affected by modifiers to spell","폭발은 주문 피해에 영향을 받지"
"damage and cannot be reflected.","않으며 반사할 수 없습니다."
"Detonates a Mine, starting a Detonation Sequence","Detonate Mines. 지뢰 하나를 폭발시키면"
"which will detonate other Mines around it.","주변 지뢰들이 연쇄 폭발합니다."
"Added Small Passive Skills grant: 12% increased Chaos Damage","추가된 소형 패시브 스킬 효과: 카오스 피해 12% 증가"
"Gale Joy","강풍의 기쁨"
"Brood Hope","영충 희망"
"Behemoth Eye","거대한 눈"
"Loath Eye","혐오스러운 눈"
"Viper Stone","독사의 돌"
"Pandemonium Glimmer","혼란 유발의 미광"
"Chimeric Shine","키메라의 광채"
"Added Small Passive Skills grant: 3% increased effect of Non-Curse Auras from your Skills","추가된 소형 패시브 스킬 효과: 자신의 비-저주 오라 스킬 효과 3% 증가"
"Added Small Passive Skills grant: 12% increased Cold damage","추가된 소형 패시브 스킬 효과: 냉기 피해 12% 증가"
"Added Small Passive Skills grant: 12% increased Trap damage","추가된 소형 패시브 스킬 효과: 덫 피해 12% 증가"
"Added Small Passive Skills grant: 12% increased Mine damage","추가된 소형 패시브 스킬 효과: 지뢰 피해 12% 증가"
"Added Small Passive Skills grant: Minions deal 10% increased Damage","추가된 소형 패시브 스킬 효과: 소환수 피해 10% 증가"
"Added Small Passive Skills grant: Minions deal 10%","추가된 소형 패시브 스킬 효과: 소환수 피해 10%"
"increased Damage","증가"
"Total DPS inc. Impale:","꿰뚫기 총 피해 증가:"
"Summons a totem that can consume nearby corpses.","Devouring Totem. 시전자가 피해를"
"If you are hurt, it will destroy a corpse to leech life","받을 경우 주변의 시신을 파괴하여 흡수한"
"to you.","생명력으로 시전자를 회복시켜주는 토템을 소환합니다."
"Discharge all the character's charges to deal","Discharge. 시전자의 모든 충전을"
"elemental damage to all nearby monsters.","방출하여 주변의 모든 적에게 원소 피해를 줍니다."
"Channelling draws in energy around you to","Divine Ire. 집중 유지 상태에서"
"repeatedly build up stages, damaging a number of","주변의 에너지를 끌어모아 단계를 증가시키며"
"nearby enemies when you do so. Release to unleash","다수의 근접한 적에게 피해를 줍니다."
"a powerful burst of energy in a beam in front of","집중 유지를 중단하면 시전자의 전방으로"
"you.","폭발적인 에너지를 방출합니다."
"Attacks enemies with a melee strike, applying a","Dominating Blow. 대상을 근접"
"debuff for a short duration. If a non-unique enemy","공격하여 짧은 시간 동안 디버프를 겁니다."
"dies while affected by the debuff, the enemy's","비-고유 적이 디버프가 걸린 채로 죽을"
"corpse will be consumed and a Sentinel of","경우 시신이 소모되어 동일한 희귀도 및"
"Dominance with the same rarity, prefix and suffix","접두어, 접미어 속성을 가진 지배의 파수꾼이"
"modifiers will be summoned for a longer secondary","소환됩니다. 이들은 보다 긴 별도의 지속시간을"
"duration.","가집니다."
"Performs two fast strikes with a melee weapon.","Double Strike.근접 무기를 빠르게 두번 휘둘러 공격합니다."
"Attacks with both weapons, dealing the damage of","Dual Strike. 양손의 무기로 한번에"
"both in one strike. Dual wield only. Does not work","공격하여 피해를 줍니다. 쌍수를 사용해야"
"with wands.","하며 마법봉은 해당되지 않습니다."
"Added Small Passive Skills grant: 12% increased Attack damage while Dual Wielding","추가된 소형 패시브 스킬 효과: 쌍수 사용 시 공격 피해 12% 증가"
"Added Small Passive Skills grant: 12% increased Attack damage","추가된 소형 패시브 스킬 효과: 공격 피해 12% 증가"
"while Dual Wielding","쌍수 사용 시"
"while holding a Shield","방패를 들고 있는 동안"
"Added Small Passive Skills grant: 12% increased Attack damage while holding a Shield","추가된 소형 패시브 스킬 효과: 방패를 들고 있는 동안 공격 피해 12% 증가"
"Smashes the ground, dealing damage in an area and","Earthquake. 지면을 강타해 범위 내에"
"cracking the earth. The crack will erupt in a","피해를 주고 대지에 균열을 생성합니다. 잠시후"
"powerful aftershock after a short duration. Cracks","균열은 여진을 일으킵니다. 첫 번째 여진이"
"created before the first one has erupted will not","발생하기 전의 균열은 여진을 발생시키지 않습니다."
"generate their own aftershocks. Requires an Axe,","도끼, 철퇴, 셉터, 지팡이 착용 혹은"
"Slam the ground, sending out rectangular fissures","Earthshatter. 지면을 강타하여 적에게"
"that deal area damage to enemies and thrust a","범위 피해를 주는 직사각형의 균열을 생성하고"
"spike from the ground when they end. Warcries or","균열이 사라지는 지점에서 가시를 방출합니다."
"other Slam Attacks performed by you or allied","가시 주변에서 자신 또는 동료가 함성이나 다른"
"players near any spike will cause them to shatter,","강타 스킬을 사용하면 가시가 산산조각 나서 주변"
"damaging surrounding enemies. Works with Maces,","적에게 피해를 줍니다. 철퇴, 셉터, 도끼, 지팡이"
"Sceptres, Axes, Staves and Unarmed.","착용 혹은 비무장 상태여야 합니다."
"Each attack with this skill will choose an element at","Elemental Hit. 스킬 사용 시 매"
"random, and will only be able to deal damage of","공격마다 무작위로 속성이 부여되며, 해당"
"that element. If the attack hits an enemy, it will","속성 피해를 줍니다. 공격 적중 시 범위"
"also deal damage in an area around them, with the","피해를 주며 해당 적이 선택된 속성의 상태"
"radius being larger if that enemy is suffering from","이상에 걸려있는 경우 범위와 피해가"
"an ailment of the chosen element. It will avoid","증폭됩니다. 연속해서 같은 속성이"
"choosing the same element twice in a row.","부여되지 않습니다."
"attack the user and granting endurance charges.","적을 도발해 시전자를 공격하게 하고, 인내 충전을"
"Gives a brief burst of life regeneration, as well as a","부여합니다. 잠시 생명력 재생 효과를 제공하고,"
"buff which grants resistances and physical damage","시전자의 인내 충전에 따라 저항 증가 및 물리 피해"
"reduction based on your endurance charges.","감소 효과가 있는 버프를 부여합니다."
"Fires a projectile that applies a damage over time","Essence Drain. 투사체를 발사하여"
"debuff when it hits. You are healed for a portion of","명중 시 지속 피해를 주는 디버프를 겁니다."
"the debuff damage. The debuff is spread by","시전자는 디버프 피해의 일정 비율만큼 치유됩니다."
"Contagion.","디버프는 전염에 의해 확산됩니다."
"Fires an arc of knives in front of the caster which","Ethereal Knives. 시전자 전방에 원호"
"deals physical damage.","형태로 단도를 던져 물리 피해를 줍니다."
"Fires an arrow which will stick into an enemy or","Explosive Arrow. 화살이 적이나 벽에"
"wall, and then explode, dealing area damage around","꽂힙니다. 이 화살은 일정 시간이 지나거나"
"it, either after a duration or when the maximum","꽂힌 화살 수가 최대치가 되면 폭발하여 그"
"number of arrows stuck to that target is reached. If","주변에 범위 피해를 줍니다. 적 1명에게"
"an enemy has multiple Explosive Arrows stuck in","다수의 폭발 화살이 꽂히면 첫 번째 화살이"
"them, the first one to explode will consume the","폭발할 때 다른 화살도 함께 폭발하여 추가"
"others, adding their damage to its explosion.","피해를 줍니다."
"Throws a trap that explodes when triggered, dealing","Fire Trap. 발동 시 폭발하여 주변"
"fire damage to surrounding enemies and leaving an","적들에게 화염 피해를 주고 용암 지대를"
"area of burning ground that damages enemies who","생성하는 덫을 던집니다. 용암 지대는 그"
"walk through it.","위를 지나가는 적에게도 피해를 줍니다."
"Unleashes a ball of fire towards a target which","Fireball. 대상에게 화염구를 사용할 경우"
"explodes, damaging nearby foes.","폭발하여 주변의 적들에게 화염 피해를 줍니다."
"Flaming bolts rain down over the targeted area.","Firestorm. 대상 지역에 화염의"
"They explode when landing, dealing damage to","화살이 쏟아져 폭발하며 주변의 적들에게"
"nearby enemies.","화염 피해를 줍니다."
"Teleport to a location, damaging enemies and","한 지점으로 순간이동하며 적들에게"
"leaving a trail of burning ground in your wake.","피해를 주고, 이동 경로를 따라 용암 지대를 형성합니다."
"Shares a cooldown with other Blink skills.","점멸 스킬과 재사용 대기시간을 공유합니다."
"Summons a totem that channels to fire a stream of","Holy Flame Totem. 주변의 적들에게"
"flame at nearby enemies, and creates an area of","불줄기를 지속해서 뿜어내는 토템을 소환합니다."
"consecrated ground around the totem.","소환된 토템 주변에는 신성화 지대를 생성됩니다."
"Strikes enemies in front of you with a surge of","Flame Surge. 전방의 대상들에게 피해를 줍니다."
"flame. Burning enemies are dealt more damage.","화상을 입은 적들은 더 많은 피해를 줍니다."
"Channels to build up a large explosion, which is","Flameblast. 집중을 유지하여 커다란"
"released when you stop using the skill. The longer","폭발지역을 만들어 내고, 스킬 사용을 중지하면"
"you channel, the larger the area of effect and","폭발하며 방출됩니다. 집중 유지를 지속할수록"
"damage of the explosion, up to 10 stages.","효과 범위와 폭발의 피해가 10단계까지 증가합니다."
"Throws a trap that releases a number of flames in","Flamethrower Trap. 발동 시"
"different directions around it when triggered. The","여러 방향으로 화염을 방출하는 덫을"
"flames last for a duration, rotating around the trap","투척합니다. 화염은 지속시간 동안 돌면서"
"and repeatedly dealing damage. Burning enemies","피해를 줍니다. 화상을 입은 적에겐 더 큰"
"are dealt more damage.","피해를 줍니다."
"Tip: Hold Shift or Ctrl to hide this tooltip.","팁 : 이 툴팁을 숨기려면 Shift 또는 Ctrl 키를 누르세요."
"Distance to start: {0}","시작부터 거리: {0}"
"An icy projectile which has a chance to freeze","Freezing Pulse. 직선 경로 내 적들을"
"enemies it passes through. The projectile fades","관통하며 일정 확률로 얼리는 얼음 투사체를 발사합니다."
"quickly, reducing damage and freezing chance until","투사체는 빠르게 소멸되며, 완전히 사라지기 전까지"
"it dissipates.","피해량과 동결 확률이 점차 감소합니다."
"Performs an attack that gives the character a","Frenzy. 명중 시 격분 충전"
"frenzy charge if it hits. Frenzy charges increase","효과를 획득합니다. 격분 충전 효과는"
"your attack speed.","공격 속도를 증가시킵니다."
"Attack enemies with increased range, releasing icy","Frost Blades. 공격 사거리가 늘어나며, 처음"
"blades from the first enemy hit which fly at other","타격당한 적에게서 얼음 칼날이 뚫고 나와 다른 적들에게"
"enemies. Requires a Melee Weapon.","날아갑니다. 근접 무기로만 사용할 수 있습니다."
"Fires a slow-moving projectile that pierces through","Frostbolt. 천천히 움직이는 투사체를"
"enemies, dealing cold damage.","시전하여 적들을 관통하고 냉기 피해를 줍니다."
"An icy blast explodes around the caster, dealing","Vortex. 시전자 주위에 얼음"
"cold damage to enemies, and leaving behind a","폭발을 일으켜 냉기 피해를 줍니다."
"whirling vortex which deals cold damage over time","또한 소용돌이를 남겨 지속 냉기"
"and chills enemies caught in it. If the caster targets","피해를 주고 적들을 냉각시킵니다."
"near their Frostbolt projectiles, it will explode from","시전자가 서리 구체 근처를 조준하게"
"a number of those projectiles instead, destroying","되면 구체가 폭발하며 소용돌이를"
"them.","남깁니다."
"Creates a wall of ice which holds back enemies.","Frost Wall. 얼음의 벽을 생성하여"
"Targets under the wall are damaged and pushed","적을 저지합니다. 방벽이 생성되는 위치에"
"back.","있던 적들은 피해를 받고 뒤로 밀려납니다."
"leaving Chilled ground in an area at both ends of","피해를 주고, 시전자가 출발한 지역과 도착한 지역"
"the teleport. Shares a cooldown with other Blink","주위에 얼음 지대를 생성합니다. 다른 점멸 스킬과"
"skills.","재사용 대기시간을 공유합니다."
"Added Small Passive Skills grant: 12% increased Fire damage","추가된 소형 패시브 스킬 효과: 화염 피해 12% 증가"
"attack the user, and summoning Mirage Warriors","도발하여 시전자를 공격하게 하고, 주변의 시신에서"
"from nearby corpses. The Mirage Warriors each use","신기루 전사를 소환합니다. 각 신기루 전사는 연결된"
"a linked attack skill once before dissipating.","공격 스킬을 한 번씩 사용하고 소멸합니다."
"General's Cry Support","장군의 함성 보조"
"Supports melee attack skills. Those skills will be","근접 공격 스킬을 보조합니다. 해당 스킬은"
"used by Mirage Warriors summoned by General's Cry.","장군의 함성으로 소환된 신기루 전사가 사용합니다."
"Supported skills cannot be supported by Multistrike.","보조 대상 스킬은 연속타격으로 보조할 수 없습니다."
"Icicles emerge from the ground in a series of small","Glacial Cascade. 작은 폭발이"
"bursts, each damaging enemies caught in the area","연속으로 일어나며 지면에서 고드름이 솟아올라"
"and knocking them back in the direction of the next","범위 내의 적들에게 피해를 주고 다음 폭발이"
"burst.","일어날 방향으로 적들을 밀어냅니다."
"Hits enemies, converting some of your physical","Glacial Hammer. 물리 피해 일부를"
"damage to cold damage. If an enemy is frozen and","냉기 피해로 전환하여 공격합니다. 적이 동결 상태이고"
"is on less than one third life, they will shatter when","생명력이 1/3 이하일 경우, 빙하 망치로 공격하면"
"hit by Glacial Hammer. If striking three times in a","산산이 조각납니다. 연속으로 3회 공격 시 3번째"
"row, the third strike will freeze enemies more easily.","공격은 적을 더 쉽게 동결시킵니다. 철퇴나 셉터,"
"Requires a Mace, Sceptre or Staff.","지팡이가 필요합니다."
"Slams the ground in front of you, creating a wave","Ground Slam. 전방의 지면을 강타하여 대지의 물결을"
"that travels forward and damages enemies with an","일으켜 정면으로 뻗어나가게 합니다. 물결은 적들에게 피해를"
"increased chance to stun. The wave deals more","주고 더욱 증가한 확률로 기절시킵니다. 시전자에게 가까운"
"damage to closer enemies. Requires an Axe, Mace,","적일수록 더 큰 피해를 받습니다. 도끼,철퇴,셉터,지팡이"
"Attacks enemies with a forceful blow, knocking","Heavy Strike. 적들에게 강력한"
"them back. Requires a Mace, Sceptre, Axe, Sword or","일격을 날려 뒤로 밀어냅니다. 철퇴나 셉터,"
"Two-Handed Weapon.","도끼, 검, 양손 무기가 필요합니다."
"Deals chaos damage to a single enemy, dealing","Hexblast. 단일 적에게 카오스 피해를"
"more damage if they are Hexed, then removes the","줍니다. 사술 걸린 적일 경우 더 큰 피해를 주고,"
"Hex with the highest Doom. If a Hex was removed","멸망이 가장 높은 사술을 제거합니다. 이 방법으로"
"this way, also deals area damage to other enemies","사술을 제거하면 대상 주변의 다른 적에게도 범위"
"around the target, boosting damage and removing","피해를 주고, 동일한 방식으로 해당 적에게서"
"Hexes from those enemies in the same way.","사술을 제거하며 더 큰 피해를 줍니다."
"Added Small Passive Skills grant: 10% increased Spell damage","추가된 소형 패시브 스킬 효과: 주문 피해 10% 증가"
"Slam the ground, damaging enemies in an area","Ice Crash. 지면을 강타해 3단계에"
"around the impact in three stages. Enemies take","걸쳐 충격 지점 주위의 적들에게 피해를 줍니다."
"slightly less damage on the second and third stage.","단계가 거듭될수록 적이 받는 피해는 줄어듭니다."
"Works with Swords, Maces, Sceptres, Axes, Staves","검, 철퇴, 셉터, 도끼, 지팡이 착용 혹은"
"and Unarmed.","비무장 상태여야 합니다."
"A chilling circle of ice expands from the caster. If","Ice Nova. 시전자를 중심으로 차가운 얼음이"
"the caster targets near their Frostbolt projectiles,","원형으로 퍼져나갑니다. 마우스 커서의 위치가"
"it will expand from a number of those projectiles","서리 구체 투사체와 가깝다면 투사체를 중심으로"
"instead. If this skill would repeat when cast this","얼음이 퍼져나갑니다. 하나 이상의 서리 화살이"
"way, it will instead expand again from the same","발사된 경우 정해진 횟수만큼 얼음이 연속적으로"
"projectiles after a short delay.","퍼져나가는 효과가 있습니다."
"Fires an arrow that converts some physical damage","Ice Shot. 화살을 발사하여 대상에게 주는 물리"
"to cold on its target and converts all physical","피해의 일부를 냉기 피해로 전환하고, 대상 후방 부채꼴"
"damage to cold in a cone behind that target.","범위에 주는 모든 물리 피해를 냉기 피해로 전환합니다."
"Launches shards of ice in rapid succession. After","Ice Spear. 뾰족한 얼음 조각을"
"travelling a short distance they change to a second","연이어 쏘아냅니다. 쏘아진 얼음 조각은"
"form, which moves much faster and pierces through","잠시 동안 천천히 이동한 후 급가속하여"
"enemies.","적들을 관통합니다."
"Throws a trap that creates a series of icy runic","Ice Trap. 발동될 경우 잇달아"
"explosions when triggered, dealing cold damage to","얼음 룬 폭발을 일으키는 덫을 투척하여,"
"all enemies caught in the blasts.","폭발에 휩쓸린 모든 적에게 냉기 피해를 줍니다."
"Continuously launches a torrent of fire from your","Incinerate. 불길을 내뿜어"
"hand, repeatedly damaging enemies. As you channel","범위 내 적들에게 지속적인 피해를 줍니다."
"this spell longer, the flames spread wider close to","집중 유지를 오래할수록 불꽃이 더 넓게"
"you and spread longer directly in front of you. When","퍼지고, 더 멀리 번집니다. 집중 유지를"
"you stop channelling you release a wave of fire","중단하면 화염 파도를 방출하여 광범위한"
"damage over a wide and long area that will apply a","지역에 강력한 화염 피해를 주고 점화"
"powerful Ignite.","시킵니다."
"Attacks with your weapon, applying a charged","Infernal Blow. 무기로 적을 공격하여"
"debuff to enemies hit by your strike, and an","명중시키면 해당 적에게 충전된 디버프를 걸고,"
"uncharged debuff to any other enemies hit. Upon","명중시킨 다른 적에게는 충전되지 않은 디버프를"
"reaching 6 charges, expiring, or the enemy's death,","겁니다. 충전이 6회가 되거나 해당 적이 죽으면"
"the charged debuff is removed, and it deals damage","충전된 디버프는 만료되어 소멸되고 해당 적과"
"to that and other nearby enemies. Enemies with","주변의 다른 적에게 피해를 줍니다. 적이 죽을"
"either debuff explode when they die, damaging","때마다 각각의 디버프가 폭발하여 근접한 다른 적에게"
"other nearby enemies. Damage from this explosion","피해를 줍니다. 이 폭발로 인한 피해는 반사할 수"
"cannot be reflected. Requires a Sword, Axe, Mace,","없습니다. 검이나 도끼, 철퇴, 셉터, 지팡이"
"Grants a buff which lowers the effect of enemy","전력을 다합니다. 플레이어가 명중시키는 공격에 대한"
"physical damage reduction against your hits.","적의 물리 피해 감소 효과를 낮추는 버프를 부여합니다."
"Fires a projectile from a Wand that causes a series","Kinetic Blast. 마법봉에서 투사체를 발사하여"
"of small explosions surrounding its point of impact,","충돌 지점 주위에 일련의 작은 폭발을 일으킵니다."
"each damaging enemies caught in the area.","각 폭발은 범위 내의 적에게 피해를 줍니다."
"Fire a projectile from your wand that changes","Kinetic Bolt. 마법봉에서 발사된 투사체가"
"direction in a zig-zag pattern at regular intervals or","일정한 간격을 두고 지그재그 모양으로 방향을"
"when hitting enemies. Each time it changes","변경하거나 적을 명중한 뒤 방향을 변경합니다."
"direction, a secondary projectile breaks off, flying","투사체의 방향이 변경될 때마다 부가 투사체가"
"in the direction it changed away from.","갈라져 나와 기존의 방향으로 날아갑니다."
"Added Small Passive Skills grant: 12% increased Physical damage","추가된 소형 패시브 스킬 효과: 물리 피해 12% 증가"
"A bloody scythe swipes across a selected area,","Bloodreap. 피투성이 낫이"
"applying a physical damage over time debuff in","선택한 지역을 휩쓸어, 지속 물리"
"addition to hitting enemies with physical damage. If","피해 디버프를 적용하고 추가로"
"enemies survive and this skill was not triggered, you","적들에게 물리 피해를 줍니다."
"gain a blood charge which raises the damage and","적이 살아남으면 스킬의 피해와"
"cost of the skill. Players can have 5 maximum blood","비용을 증가시키는 피 충전을 1개"
"Draws out your own blood to power a buff for a","Corrupting Fever. 자신의 피를 뽑아서"
"duration, letting this skill inflict the Corrupting","버프를 유지합니다. 이 버프는 공격이 적중된"
"Blood debuff on enemies you hit, dealing physical","적들에게 타락한 피 디버프를 유발하여, 보다 짧은"
"damage over time for a short secondary duration.","별도의 지속시간 동안 지속 물리 피해를 줍니다."
"The buff's duration will be refreshed if you spend","버프가 만료되기 전에 생명력을 일정 기준 이상"
"enough life before it expires.","소모하면 버프의 지속시간이 초기화됩니다."
"Triggering this Skill still requires paying its Cost","이 스킬을 발동하려면 소모해야 함."
"Include in Full DPS:","전체 DPS포함:"
"Releases several tendrils of blood from your","Exsanguinate. 캐릭터로부터 전방"
"character, targeting enemies in a narrow angle in","좁은 각도 내의 적들을 대상으로 하는 여러"
"front of you. The beams deal physical damage and","갈래의 피 촉수를 뻗습니다. 촉수는 적들에게"
"inflict a physical damage over time debuff to","물리 피해를 주고, 3회까지 중첩되는 지속"
"enemies, which can stack up to 3 times. Effects","물리 피해 디버프를 유발합니다. 스킬의"
"which allow skills to chain can apply to these","연쇄를 일으키는 효과를 적용받을 수"
"tendrils.","있습니다."
"Supports any skill with a reservation.","Blood Magic. 점유가 있는 모든 스킬에 적용됩니다."
"Supports attack skills. Cannot support triggered","Bloodthirst. 공격 스킬에 적용됩니다."
"skills, skills which create minions, or skills used by","발동형 스킬, 소환수 생성 스킬이나 토템, 덫,"
"totems, traps or mines.","지뢰 스킬에는 적용되지 않습니다."
"Supported Attacks deal Added Physical Damage with Weapons equal","낮은 생명력 상태일 때 무기 사용 시 보조 대상 공격이 최대 생명력의"
"to {0}% of Maximum Life while on Low Life","{0}%와 동일한 추가 물리 피해를 줌"
"Mana Multiplier","마나 배율"
"Supports any skill that hits enemies.","적을 명중하는 모든 스킬에 적용됩니다."
"Cruelty has a Base Duration of 4 seconds","잔혹의 기본 지속시간 4초"
"Supports any skill. Minions cannot gain the Lifetap","Lifetap. 모든 스킬에 적용됩니다."
"buff.",""
"Applies a buff that protects the lower half of your","Petrified Blood. 생명력의 50% 이하 구간을"
"life, preventing some of the immediate life loss","보호해 주는 버프를 적용합니다. 버프는 적중 피해를 받을 때"
"when damaged by hits and applying the loss over","즉각적인 생명력 손실을 막고, 그 대신 지속적인 손실을"
"time instead. Your life cannot be raised above low","적용합니다. 생명력은 플라스크 외의 수단으로 낮은 생명력"
"life other than by flasks, and while above low life,","상태 위로 올릴 수 없으며, 낮은 생명력 상태 위일 때는"
"skills will cost life as well as mana.","스킬 사용 시에 마나와 함께 생명력도 소모합니다."
"Life Recovery other than Flasks cannot Recover Life to above Low Life","플라스크 외의 생명력 회복이 낮은 생명력 상태 이상으로 생명력을 회복할 수 없음"
"When taking Damage from Hits, {0}% of Life loss below half Life is Prevented, then {1}% of Life loss prevented this way is lost over {2} seconds","피격으로 피해를 받을 때, 생명력 50% 이하 구간에서 손실되는 생명력의 {0}%가 예방되고 이 방식으로 예방된 생명력 손실량의 {1}%가 {2}초 동안 손실됨"
"+{0}% of Life loss prevented this way is lost over {1} seconds","이 방식으로 예방된 생명력 손실량의 +{0}%가 {1}초 동안 손실됨"
"Indigo","남색"
"{0}% increased Recovery per second from Life Leech","생명력 흡수 시 초당 최복량 {0}% 증가"
"Vitality Extraction","활력 추출"
"Damage with Life Cost Skills and Life Flasks","생명력 소모 스킬 및 생명력 플라스크로 피해"
"Thaumaturgical History IV","마석학의 역사 IV"
"Thaumaturgical History III","마석학의 역사 III"
"Thaumaturgical History II","마석학의 역사 II"
"Thaumaturgical History I","마석학의 역사 I"
"{0}% chance to Dodge Attacks while Phasing","차원 능력을 사용하는 동안 {0}%의 확률로 공격 적중 완벽회피"
"(Fanaticism grants Spells you Cast yourself {0}% more Cast Speed, {1}% reduced Cost and {2}% increased Area of Effect)","(광신주의는 직접 시전하는 주문의 시전속도를 {0}% 증폭시키고, 소모량을 {1}% 감소시키며 효과범위를 {2}% 증가시킴)"
"(Armour, Evasion Rating and Energy Shield are the standard Defences)","(방어는 일반적으로 방어도, 회피, 에너지 보호막으로 구성됩니다.)"
"Gain Defiance for {0} seconds on losing Life to an Enemy Hit, no more than once every {1} seconds","적에게 피격되어 생명력을 잃으면 {0}초 동안 저항 획득, 최대 {1}초마다 1번 발동"
"You and nearby Allies deal {0} to {1} added Physical Damage for","자신 및 주변 동료들이 적을 꿰뚫을 때마다"
"Summons a powerful Reaper which uses a variety of","Summon Reaper. 다양한 베기 범위 공격을"
"slashing area attacks. The Reaper's presence","사용하는 강력한 수확자를 소환합니다. 수확자는"
"weakens your other minions, and it will consume","플레이어의 다른 소환수들을 약화하고 그들을"
"them to temporarily empower and heal itself. Using","소모하여 일시적으로 자신을 강화하거나 치유합니다."
"this skill while the Reaper is already summoned","수확자를 소환한 상태에서 이 스킬을 사용하면"
"causes it to dash to the targeted location and","수확자가 목표 지역에 돌진하여 강력한 공격을"
"perform a powerful attack.","수행합니다."
"Damages enemies in an area, applying a debuff for","Absolution. 지역에 있는 적에게 피해를"
"a short duration. If a non-unique enemy dies while","주고 짧은 시간 동안 디버프를 적용합니다."
"affected by the debuff, the enemy's corpse will be","디버프의 영향을 받는 동안 비-고유 적이 죽으면,"
"consumed to summon a Sentinel of Absolution for a","해당 적의 시신을 소모하여 더 긴 2차 지속시간"
"longer secondary duration, or to refresh the","동안 면죄의 파수꾼 1명이 소환됩니다. 이미"
"duration and life of an existing one instead if you","소환된 파수꾼의 수가 최대치라면 기존 파수꾼"
"have the maximum number of them.","1명의 지속시간과 생명력이 초기화됩니다."
"Grants a buff which boosts critical strike chance","전력을 다합니다. 치명타 확률을 올려 주고 공격이"
"and allows attacks to benefit from increases to","주문 피해의 혜택을 받게 하는 버프를 부여"
"Battlemage's Cry Support","전투마법사의 함성 보조"
"Supports spell skills, causing them to be triggered.","주문 스킬을 보조하여 발동시킵니다."
"Cannot support skills used by totems, traps, or","토템, 덫, 지뢰 스킬에는 적용되지 않으며"
"mines. Vaal skills, channelling skills, and skills with","바알 스킬, 집중 유지 스킬, 점유가 있는"
"a reservation cannot be triggered.","스킬은 발동되지 않습니다."
"Throws a trap which, once triggered, swings two","Blade Trap. 발동 시 플레이어가 장착한 단검,"
"copies of your equipped Dagger, Claw or One Handed","클로 또는 한손 검의 복제본 두 개가 원을 그리며"
"Sword around it in a circle, each repeatedly","움직이는 덫을 투척합니다. 각 복제본은 칼날이 스치는"
"damaging enemies they spin through.","적들에게 반복적인 피해를 줍니다."
"Attack enemies with a forceful melee strike that","Boneshatter. 강력한 근접 타격으로 적을 공격하는"
"also hurts you. Successive uses will raise the","스킬로 플레이어 또한 피해를 받습니다. 성공적으로"
"damage dealt both to enemies and you. Stunning an","사용하면 적과 플레이어 모두가 큰 피해를 받습니다."
"enemy with the strike releases a damaging pulse.","이 타격으로 적이 기절하면 파동이 방출되어 피해를 줍니다."
"Requires a Mace, Sceptre, Axe or Staff.","철퇴, 셉터, 도끼, 지팡이가 필요합니다."
"Pulse has {0}% increased Area of Effect per {1} of Stun Duration, up to {2}%","기절 지속시간의 {1}초당 파동의 효과 범위 {0}% 증가, 최대 {2}%"
"Throws an explosive bottle that deals unarmed","Explosive Concoction. 지역에 폭발물을 던져"
"attack damage in an area. Can consume charges","비무장 공격 피해를 줍니다. 루비, 사파이어, 토파즈"
"from your Ruby, Sapphire, and Topaz flasks to add","플라스크의 충전을 소모하여 추가 피해를 줄 수 있습니다."
"further damage. Requires an empty main hand.","주 무기가 비어 있어야 합니다."
"{0} to {1} Added Cold Damage if Charges were consumed from a Sapphire Flask","사파이어 플라스크의 충전 소모 시 {0}~{1} 냉기 피해 추가"
"Fires a single eye projectile which constantly","Eye of Winter. 눈 모양 투사체를 발사합니다."
"releases shard projectiles in a spiral. The shards will","이 투사체는 파편을 나선형으로 지속하여 방출합니다."
"damage enemies they impact, dealing cold damage.","파편은 적에게 닿으면 냉기 피해를 줍니다."
"The eye cannot damage enemies. When the eye","눈 투사체 자체가 적에게 피해를 주는 것은 아닙니다."
"dissipates or collides with terrain, it releases a","눈 투사체는 소멸할 때 또는 지형에 부딪히는 경우,"
"faster spiral of extra shards.","더 빠르게 추가 파편을 나선형으로 방출합니다."
"Lobs an exploding projectile near the targeted","Forbidden Rite. 목표 지점 근처에 폭발하는"
"location, and extra projectiles toward enemies","투사체를 던지고, 주위의 적들에게는 추가 투사체들을"
"around you. The projectiles deal chaos damage","던집니다. 투사체는 플레이어의 생명력과 에너지"
"based on your life and energy shield. Casting this","보호막에 따라 카오스 피해를 줍니다. 이 주문을"
"spell damages you.","시전하면 플레이어 자신이 피해를 받습니다."
"Deals lightning damage based upon your missing","Manabond. 목표 지점 주위의 원형 범위와"
"mana in a circular area around the targeted","4개의 사각형 확장 범위 내에 잃은 마나에 기반하여"
"location, as well as in four rectangular extensions","번개 피해를 줍니다. 사각형 범위의 변 길이는 남아"
"whose lengths depend upon your remaining mana.","있는 마나에 따라 달라집니다."
"Swipe your shield, dealing area damage in three","Shield Crush. 방패를 휘둘러 전방에 세 갈래의"
"waves in front of you. Enemies can be hit by two of","파동으로 범위 피해를 줍니다. 파동이 겹치는 위치에서는"
"the waves where they overlap.","적이 파동 두 개에 명중될 수 있습니다."
"Spin with a sword or axe to deal damage in an area","Rage Vortex. 검 또는 도끼를 들고 빙글빙글 돌아"
"around you. Sacrifices some rage to send a","주위 지역에 피해를 줍니다. 격노를 일부 소모하여 전방으로"
"ragestorm forward. While enemies are inside it, the","격노 폭풍을 내보냅니다. 적들이 폭풍에 휘말리면, 폭풍은"
"ragestorm will slow its movement and repeatedly","속도가 느려지고 플레이어의 공격 속도에 따라 반복적으로"
"deal attack damage based on your attack speed.","공격 피해를 줍니다."
"Regestorm moves with {0}% increased speed","격노 폭풍의 이동 속도 {0}% 증가"
"Throws a spectral copy of your melee weapon. It","Spectral Helix. 장비한 근접 무기의 형태"
"spins around while flying in a large spiral, damaging","복제품을 투척합니다. 무기는 큰 나선을 그리면서"
"enemies in its path, and bouncing if it collides with","날면서 빙글빙글 돌아 경로에 있는 적들에게 피해를"
"walls.","주고, 벽에 충돌하면 튕겨 나옵니다."
"Fires an arrow into the air to land at a targeted","Storm Rain. 공중으로 발사된 화살이"
"location, dealing area damage. The arrow sticks in","목표 지점에 꽂히며 범위 피해를 줍니다."
"the ground where it lands, and periodically fires a","지면에 꽂힌 화살은 주변에 있는 또 다른"
"beam of lightning to another arrow near it, dealing","화살에 주기적으로 번개 광선을 방출하여"
"area damage between them.","해당 화살과의 간격 거리에 범위 피해를 줍니다."
"Each cast of this spell waits for a short duration,","Voltaxic Burst. 이 주문을 시전할"
"releasing a burst of lightning and chaos spell","때마다 짧은 시간 동안 대기합니다. 대기"
"damage in an area around you when that duration","시간이 끝나면 폭발을 일으키며 플레이어"
"ends. Enemies killed by this damage, or shortly","주변에 번개 및 카오스 주문 범위 피해를 줍니다."
"after, will explode. The explosions of the corpses","이 피해로 사망한 적은 폭발합니다."
"are not affected by modifiers to spell damage, and","시체의 폭발은 주문 피해 속성  부여에 영향을"
"cannot be reflected.","받지 않으며, 반사할 수 없습니다."
"Supports strike skills.","타격 스킬에 적용됩니다."
"Cost & Reservation Multiplier","소모 및 점유 배율"
"Supports slam skills, causing them to summon an","Earthbreaker Support. 강타 스킬에 적용되어"
"ancestor totem that uses the skill for you while","선대의 토템을 소환하게 합니다. 이 토템은 플레이어가"
"you're near it. Being near it grants you increased","주변에 있는 동안 플레이어를 위해 스킬을 사용하고"
"area of effect for melee skills.","플레이어의 근접 스킬 효과 범위를 증가시켜줍니다."
"Supports skills that summon ballista totems. Cannot","Focused Ballista. 쇠뇌 토템을 소환하는 스킬에 적용"
"modify the skills of minions.","됩니다. 소환수가 사용하는 스킬에는 적용되지 않습니다."
"Casting once reserves mana to carry a banner","Defiance Banner. 스킬 시전 시, 깃발을"
"which increases the armour and evasion of nearby","지니고 마나를 점유합니다. 깃발은 주변 동료들의"
"allies, and reduces the critical strike chance of","방어도와 회피를 증가시키며, 주변 적들의 치명타"
"nearby enemies. Gains stages over time while","확률을 감소시킵니다. 적 주변에서 깃발을 지니고"
"carrying the banner near enemies. Casting the skill","다니면 점차 깃발 단계가 증가합니다. 스킬을 한번"
"again places the banner, ending the mana","더 사용하면 깃발을 바닥에 꽂게 되며 그 즉시 마나"
"reservation. Once placed, it becomes more powerful","점유가 종료됩니다. 깃발을 바닥에 꽂으면 깃발"
"for each stage gained. You cannot have multiple","단계에 따라 효과가 적용됩니다. 동시에 하나의"
"banners at the same time.","깃발 효과만 적용됩니다."
"Gain {0} Stage every {1} seconds while an Enemy is Nearby","주변에 적이 있는 동안 {1}초마다 {0}단계 획득"
"{0}% less Maximum total Energy Shield Recovery per Second from Leech","흡수 시 초당 총 에너지 보호막 회복량 최대치 {0}% 감폭"
"+{0}% to Global Critical Strike Multiplier","일반 치명타 피해 배율 +{0}%"
"Trigger a Socketed Cold Spell on Melee Critical Strike, with a {0} second Cooldown","근접 치명타 시 장착된 냉기 주문 발동, 재사용 대기시간 {0}초"
"+{0} Intelligence Requirement","지능 요구사항 +{0}"
"No Physical Damage","물리 피해 없음"
"Adds {0} to {1} Cold Damage","냉기 피해 {0}~{1} 추가"
"Adds {0} to {1} Cold Damage to Spells","주문 시전 시 냉기 피해 {0}~{1} 추가"
"{0}% increased Attack Speed","공격 속도 {0}% 증가"
"{0}% increased Critical Strike Chance against Chilled Enemies","냉각된 적에 대한 치명타 확률 {0}% 증가"
"Regenerate {0} Life per second","{0}초마다 생명력 {1} 재생"
"+{0} to Evasion Rating while on Low Life","낮은 생명력 상태일 때 회피 +{0}"
"+{0} to maximum Life","생명력 최대치 +{0}"
"+{0}% to Fire Resistance","화염 저항 +{0}%"
"Regenerate {0}% of Life per second while on Low Life","낮은 생명력 상태일 때 {0}초마다 생명력의 {1}% 재생"
"+{0} to all Attributes","모든 능력치 +{0}"
"-{0} Physical Damage taken from Attack Hits","공격 적중 시 받는 물리 피해 -{0}"
"{0}% Chance to Block Attack Damage","{0}%의 확률로 공격 피해를 막아냄"
"+{0} to maximum Mana","마나 최대치 +{0}"
"{0}% increased maximum Mana","최대 마나 {0}% 증가"
"{0}% increased Mana Regeneration Rate","마나 재생 속도 {0}% 증가"
"Items and Gems have {0}% reduced Attribute Requirements","아이템 및 젬의 능력치 요구사항 {0}% 감소"
