"Maelstrom","Maelstrom"
"Fulcent","Fulcent"
" Abyss","Abyss"
" Apex","Apex"
" Bind","Bind"
" Cage","Cage"
" Chambers","Chambers"
" Coffers","Coffers"
" Core","Core"
" Court","Court"
" Cradle","Cradle"
" Crag","Crag"
" Cramp","Cramp"
" Crate","Crate"
" Crest","Crest"
" Depths","Depths"
" Dregs","Dregs"
" Edge","Edge"
" Frontier","Frontier"
" Haven","Haven"
" Keep","Keep"
" Nexus","Nexus"
" Oubliette","Oubliette"
" Panorama","Panorama"
" Pit","Pit"
" Point","Point"
" Reaches","Reaches"
" Refuge","Refuge"
" Refuse","Refuse"
" Remains","Remains"
" Remnant","Remnant"
" Rupture","Rupture"
" Sanctum","Sanctum"
" Scum","Scum"
" Secrets","Secrets"
" Shadows","Shadows"
" Shard","Shard"
" Slag","Slag"
" Solitude","Solitude"
" Spires","Spires"
" Trap","Trap"
" Vault","Vault"
" View","View"
" Vine","Vine"
" Waste","Waste"
" Ziggurat","Ziggurat"
" Abode","Abode"
" Quarters","Quarters"
" Roost","Roost"
" Sector","Sector"
" Zone","Zone"
" Precinct","Precinct"
" Dwelling","Dwelling"
" Aegis","Aegis"
" Anthem","Anthem"
" Arbiter","Arbiter"
" Arch","Arch"
" Arrow","Arrow"
" Badge","Badge"
" Band","Band"
" Bane","Bane"
" Barb","Barb"
" Barrage","Barrage"
" Barrier","Barrier"
" Bastion","Bastion"
" Batter","Batter"
" Beads","Beads"
" Beak","Beak"
" Beam","Beam"
" Bite","Bite"
" Blast","Blast"
" Blow","Blow"
" Blunt","Blunt"
" Bolt","Bolt"
" Bond","Bond"
" Braid","Braid"
" Branch","Branch"
" Brand","Brand"
" Breaker","Breaker"
" Breeze","Breeze"
" Brow","Brow"
" Buckle","Buckle"
" Bulwark","Bulwark"
" Burst","Burst"
" Butcher","Butcher"
" Call","Call"
" Carapace","Carapace"
" Caress","Caress"
" Chant","Chant"
" Charm","Charm"
" Choker","Choker"
" Circle","Circle"
" Clasp","Clasp"
" Claw","Claw"
" Cloak","Cloak"
" Clutches","Clutches"
" Coat","Coat"
" Coil","Coil"
" Collar","Collar"
" Cord","Cord"
" Corona","Corona"
" Cowl","Cowl"
" Crack","Crack"
" Crown","Crown"
" Crusher","Crusher"
" Cry","Cry"
" Curtain","Curtain"
" Dart","Dart"
" Dash","Dash"
" Dome","Dome"
" Duty","Duty"
" Emblem","Emblem"
" Etcher","Etcher"
" Eye","Eye"
" Fang","Fang"
" Fend","Fend"
" Finger","Finger"
" Fingers","Fingers"
" Fist","Fist"
" Fletch","Fletch"
" Flight","Flight"
" Girdle","Girdle"
" Glance","Glance"
" Glare","Glare"
" Globe","Globe"
" Gnarl","Gnarl"
" Gnash","Gnash"
" Goad","Goad"
" Gorget","Gorget"
" Grasp","Grasp"
" Grinder","Grinder"
" Grip","Grip"
" Guard","Guard"
" Guardian","Guardian"
" Guide","Guide"
" Gutter","Gutter"
" Gyre","Gyre"
" Hail","Hail"
" Halo","Halo"
" Hand","Hand"
" Harness","Harness"
" Heart","Heart"
" Hide","Hide"
" Hold","Hold"
" Hoof","Hoof"
" Horn","Horn"
" Hunger","Hunger"
" Idol","Idol"
" Impaler","Impaler"
" Iridescence","Iridescence"
" Jack","Jack"
" Knell","Knell"
" Knot","Knot"
" Knuckle","Knuckle"
" Lash","Lash"
" League","League"
" Leash","Leash"
" Leer","Leer"
" Lock","Lock"
" Locket","Locket"
" Loop","Loop"
" Mangler","Mangler"
" Mantle","Mantle"
" March","March"
" Mark","Mark"
" Mast","Mast"
" Medallion","Medallion"
" Mitts","Mitts"
" Nail","Nail"
" Nails","Nails"
" Needle","Needle"
" Nock","Nock"
" Noose","Noose"
" Pace","Pace"
" Palm","Palm"
" Paw","Paw"
" Peak","Peak"
" Pelt","Pelt"
" Pendant","Pendant"
" Pile","Pile"
" Pillar","Pillar"
" Pith","Pith"
" Pole","Pole"
" Post","Post"
" Quill","Quill"
" Rain","Rain"
" Ram","Ram"
" Razor","Razor"
" Reach","Reach"
" Rend","Rend"
" Road","Road"
" Roar","Roar"
" Rock","Rock"
" Rod","Rod"
" Rook","Rook"
" Rosary","Rosary"
" Ruin","Ruin"
" Salvation","Salvation"
" Sanctuary","Sanctuary"
" Saw","Saw"
" Scalpel","Scalpel"
" Scarab","Scarab"
" Scratch","Scratch"
" Sever","Sever"
" Shackle","Shackle"
" Shatter","Shatter"
" Shell","Shell"
" Shelter","Shelter"
" Shot","Shot"
" Shroud","Shroud"
" Siege","Siege"
" Skewer","Skewer"
" Skin","Skin"
" Slayer","Slayer"
" Slicer","Slicer"
" Slippers","Slippers"
" Smasher","Smasher"
" Snare","Snare"
" Sole","Sole"
" Song","Song"
" Span","Span"
" Spark","Spark"
" Spawn","Spawn"
" Spear","Spear"
" Spell","Spell"
" Sphere","Sphere"
" Spike","Spike"
" Spiker","Spiker"
" Spiral","Spiral"
" Spire","Spire"
" Splitter","Splitter"
" Spur","Spur"
" Star","Star"
" Stinger","Stinger"
" Strap","Strap"
" Stride","Stride"
" Strike","Strike"
" Suit","Suit"
" Sunder","Sunder"
" Talisman","Talisman"
" Talons","Talons"
" Tether","Tether"
" Thirst","Thirst"
" Thread","Thread"
" Thresher","Thresher"
" Thunder","Thunder"
" Torc","Torc"
" Touch","Touch"
" Tower","Tower"
" Track","Track"
" Trail","Trail"
" Tread","Tread"
" Turn","Turn"
" Twine","Twine"
" Twirl","Twirl"
" Urge","Urge"
" Veil","Veil"
" Visage","Visage"
" Vise","Vise"
" Visor","Visor"
" Volley","Volley"
" Ward","Ward"
" Watch","Watch"
" Weaver","Weaver"
" Whorl","Whorl"
" Wish","Wish"
" Wind","Wind"
" Wing","Wing"
" Wrap","Wrap"
" Wreck","Wreck"
" Cast","Cast"
" Line","Line"
" Tackle","Tackle"
" Lure","Lure"
" Bait","Bait"
" Fish","Fish"
" Breach","Breach"
" Angler","Angler"
" Sinker","Sinker"
" Chum","Chum"
" Gill","Gill"
" Jig","Jig"
" Prism","Prism"
" Hope","Hope"
" Dream","Dream"
" Bliss","Bliss"
" Delirium","Delirium"
" Solace","Solace"
" Wisdom","Wisdom"
" Desire","Desire"
" Creed","Creed"
" Wound","Wound"
" Blood","Blood"
" Scar","Scar"
" Drop","Drop"
" Essence","Essence"
" Dew","Dew"
" Ichor","Ichor"
" Sliver","Sliver"
" Splinter","Splinter"
" Vessel","Vessel"
" Joy","Joy"
" Cut","Cut"
" Glimmer","Glimmer"
" Glisten","Glisten"
" Shine","Shine"
" Ember","Ember"
" Lens","Lens"
" Bloom","Bloom"
" Breath","Breath"
" Pause","Pause"
" Ornament","Ornament"
" Curio","Curio"
" Flame","Flame"
" Gaze","Gaze"
" Stare","Stare"
" Vision","Vision"
" Portent","Portent"
" Sight","Sight"
" Oculus","Oculus"
" Orb","Orb"
" Sepulchre","Sepulchre"
" Stone","Stone"
" Writ","Writ"
" Oath","Oath"
" Deed","Deed"
" Scripture","Scripture"
" Orders","Orders"
" Pledge","Pledge"
" Manifesto","Manifesto"
" Pact","Pact"
" Covenant","Covenant"
" Testament","Testament"
" Vow","Vow"
" Tool","Tool"
" Kit","Kit"
" Gear","Gear"
" Implement","Implement"
" Device","Device"
" Apparatus","Apparatus"
" Instrument","Instrument"
" Material","Material"
" Equipment","Equipment"
" Contraption","Contraption"
" Disguise","Disguise"
" Cover","Cover"
" Bauble","Bauble"
" Trinket","Trinket"
" Fetish","Fetish"
" Bead","Bead"
" Relic","Relic"
" Invitation","Invitation"
" Passage","Passage"
" Key","Key"
" Offer","Offer"
" Summons","Summons"
" Bid","Bid"
" Excursion","Excursion"
" Undertaking","Undertaking"
" Enterprise","Enterprise"
" Exploration","Exploration"
" Journey","Journey"
" Expedition","Expedition"
" Voyage","Voyage"
" Trek","Trek"
" Campaign","Campaign"
" Quest","Quest"
" Mission","Mission"
" Colony","Colony"
" Outpost","Outpost"
" Mandate","Mandate"
" Territory","Territory"
" Lands","Lands"
" Excavation","Excavation"
" Tale","Tale"
" Saga","Saga"
" Myth","Myth"
" Ballad","Ballad"
" Folktale","Folktale"
