"Strength","힘"
"Dexterity","민첩"
"Intelligence","지능"
"Energy Shield","에너지 보호막"
"Armour","방어도"
"Fire Resistance","화염 저항"
"Cold Resistance","냉기 저항"
"Lightning Resistance","번개 저항"
"Chaos Resistance","카오스 저항"
"Slayer","슬레이어"
"Gladiator","글래디에이터"
"Champion","챔피언"
"Assassin","어쌔신"
"Saboteur","사보추어"
"Trickster","트릭스터"
"Juggernaut","거신상"
"Berserker","버서커"
"Chieftain","치프틴"
"Occultist","오컬티스트"
"Elementalist","엘리멘탈리스트"
"Deadeye","데드아이"
"Raider","레이더"
"Pathfinder","패스파인더"
"Inquisitor","인퀴지터"
"Hierophant","하이로펀트"
"Guardian","가디언"
"Ascendant","어센던트"
"Evasion","회피"
"Lightning Walker","번개 보행자"
"Fire Walker","화염 보행자"
"Frost Walker","서리 보행자"
"Elemental Damage","원소 피해"
"Two Handed Melee Damage and Attack Speed","양손 근접 피해 및 공격 속도"
"Wrecking Ball","파괴구"
"Executioner","사형 집행자"
"Two Handed Melee Damage","양손 근접 피해"
"Two Handed Melee Damage and Area of Effect","양손 근접 피해 및 효과 범위"
"Two Hand Mastery","양손 숙련"
"Lava Lash","용암 채찍"
"Weapon Fire Damage","무기 화염 피해"
"Path of the Hunter","사냥꾼의 길"
"Life and Armour","생명력 및 방어도"
"Life Regeneration","생명력 재생"
"Butchery","도살"
"One Handed Melee Damage","한손 근접 피해"
"Strong Arm","튼튼한 팔"
"Melee Damage","근접 피해"
"Attack Speed","공격 속도"
"Energy Shield and Recovery","에너지 보호막 및 회복"
"Minion Attack and Cast Speed","소환수 공격 및 시전 속도"
"Shield Block and Block Recovery","방패 막기 및 막기 회복"
"Testudo","귀갑 방패"
"Shield Defences","방패 방어력"
"Shield Mastery","방패 숙련"
"Block Chance and Attack Damage with Shield","방패의 막기 확률 및 공격 피해"
"Attack Damage and Attack Speed with Shield","방패의 공격 피해 및 공격 속도"
"Retaliation","보복"
"Staff Attack Speed and Accuracy","지팡이 공격 속도 및 정확도"
"Ophidian Aim","뱀류 조준"
"Staff Mastery","지팡이 숙련"
"DUELIST","듀얼리스트"
"Attack Speed and Accuracy","공격 속도 및 정확도"
"Physical Attack Damage and Life","물리 공격 피해 및 생명력"
"Two Handed Melee Damage and Leech","양손 근접 피해 및 흡수"
"Two Handed Melee Damage and Life Leech Speed","양손 근접 피해 및 생명력 흡수 속도"
"Martial Experience","무도 경험"
"Mana Mastery","마나 숙련"
"Life and Mana Leech","생명력 및 마나 흡수"
"Spirit Void","혼백 비우기"
"Vitality Void","활력 비우기"
"Totem and Brand Damage","토템과 낙인 피해"
"Totem Placement Speed and Brand Range","토템 배치 속도 및 낙인 범위"
"Totem Life and Elemental Resistances, Brand Range","토템 생명력 및 원소 저항, 낙인 범위"
"Totem Attack and Cast Speed, Brand Frequency","토템 공격 및 시전 속도, 낙인 빈도"
"Totem Mastery","토템 숙련"
"Lord of the Dead","망자의 군주"
"Arcing Blows","전호의 일격"
"Weapon Lightning Damage","무기 번개 피해"
"Crackling Speed","치직대는 속도"
"Lightning Mastery","번개 숙련"
"Totem Life and Placement Speed","토템 생명력 및 설치 속도"
"Ironwood","철목"
"Totem Damage, Attack and Cast Speed","토템 피해, 공격 및 시전 속도"
"Totem Life and Elemental Resistances","토템 생명력 및 원소 저항"
"Mana and Reduced Mana Cost","마나 및 마나 소모 감소"
"Righteous Decree","정의로운 법령"
"Staff Block, Attack and Cast Speed","지팡이 막기, 공격 및 시전 속도"
"Whirling Barrier","소용돌이 방어막"
"Smashing Strikes","박살내는 일격"
"Staff Damage and Stun Duration","지팡이 피해 및 기절 지속시간"
"Staff Critical Strike Chance","지팡이 치명타 확률"
"Counterweight","평형추"
"Shield Spell Block and Elemental Resistances with a Shield","주문 방패 막기 및 방패의 원소 저항"
"Sanctuary","성역"
"Shield Block and Defences","방패 막기 및 방어력"
"Curse Duration","저주 지속시간"
"Curse Effect","저주 효과"
"Hex Master","사술의 대가"
"Curse Mastery","저주 숙련"
"Diamond Skin","다이아몬드 피부"
"Armour and Elemental Resistances","방어도 및 원소 저항"
"Elemental Resistance","원소 저항"
"Solidity","견고함"
"Mana","마나"
"Mana and Arcane Surge Effect","마나 및 비전 쇄도 효과"
"Mana and Mana Regeneration","마나 및 마나 재생"
"Arcane Capacitor","비전 축전기"
"Sword Damage and Bleed Chance","검 피해 및 출혈 확률"
"Sword Damage and Attack Speed","검 피해 및 공격 속도"
"Blade Master","검의 대가"
"Sword Damage and Ailment Damage","검 피해 및 상태 이상 피해"
"Razor's Edge","예리한 날"
"Sword Damage","검 피해"
"Sword Mastery","검 숙련"
"Minion and Damage Mastery","소환수 및 피해 숙련"
"Minion Damage and Duration","소환수 피해 및 지속시간"
"Minion Duration, Attack and Cast Speed","소환수 지속 시간, 공격 및 시전 속도"
"Enduring Bond","인내의 유대"
"Minion Life and Elemental Resistances","소환수 생명력 및 원소 저항"
"Minion Life and Physical Damage Reduction","소환수 생명력 및 물리 피해 감소"
"Indomitable Army","불굴의 군단"
"Minion Mastery","소환수 숙련"
"Axe Damage","도끼 피해"
"Splitting Strikes","분할하는 일격"
"Axe Mastery","도끼 숙련"
"Axe Damage and Area of Effect","도끼 피해 및 효과 범위"
"Mace Damage and Reduced Enemy Stun Threshold","철퇴 피해 및 적 기절 한계치 감소"
"Mace Damage and Area of Effect","철퇴 피해 및 효과 범위"
"Skull Cracking","해골 부수기"
"Mace Damage and Stun Duration","철퇴 피해 및 기절 지속시간"
"Bone Breaker","뼈 분쇄기"
"Mace Damage","철퇴 피해"
"Mace Mastery","철퇴 숙련"
"Mace Damage and Attack Speed","철퇴 피해 및 공격 속도"
"Ribcage Crusher","흉골 분쇄자"
"Armour and Evasion","방어도 및 회피"
"Armour, Evasion and Onslaught Effect","방어도, 회피 및 맹공 효과"
"Graceful Assault","우아한 공격"
"Evasion Mastery","회피 숙련"
"Attack Damage, Armour and Evasion","공격 피해, 방어도 및 회피"
"Evasion and Accuracy","회피 및 정확도"
"Soul of Steel","강철의 영혼"
"Shock Chance, Duration and Effect","감전 확률, 지속시간 및 효과"
"Static Blows","정전기 타격"
"Shock Chance and Effect","감전 확률 및 효과"
"Damage and Critical Strike Chance against Shocked","감전된 적을 상대로 피해 및 치명타 확률"
"Elemental Damage Mastery","원소 피해 숙련"
"Physical and Lightning Damage","물리 및 번개 피해"
"Physical and Fire Damage","물리 및 화염 피해"
"Physical and Elemental Damage","물리 및 원소 피해"
"Elemental Damage and Penetration","원소 피해 및 관통"
"Elemental Damage, Ailment Effect and Burning Damage Multiplier","Elemental Damage, Ailment Effect and Burning Damage Multiplier"
"Divine Judgement","신성한 심판"
"Divine Fury","신성한 광분"
"Divine Wrath","신성한 진노"
"Trap Damage","덫 피해"
"Trap Damage and Trigger Area","덫 피해 및 발동 범위"
"Unstable Munitions","불안정한 탄약"
"Stamina","지구력"
"Life Regeneration per Endurance Charge","인내 충전 하나당 생명력 재생"
"Jewel Socket","주얼 슬롯"
"Endurance Charge Duration","인내 충전 지속시간"
"Armour and Mana","방어도 및 마나"
"Sanctum of Thought","사상의 지성소"
"Dagger Damage and Critical Strike Chance","단검 피해 및 치명타 확률"
"Dagger Damage and Accuracy","단검 피해 및 정확도"
"Nightstalker","밤추적자"
"Dagger Mastery","단검 숙련"
"Dagger Accuracy and Critical Strike Chance","단검 정확도 및 치명타 확률"
"Lightning Damage, Shock Duration and Effect","번개 피해, 감전 지속시간 및 효과"
"Heart of Thunder","천둥의 심장"
"Lightning Damage and Shock Chance","번개 피해 및 감전 확률"
"Lightning Damage and Shock Effect","번개 피해 및 감전 효과"
"Breath of Lightning","번개의 숨결"
"Axe Damage and Attack Speed","도끼 피해 및 공격 속도"
"Slaughter","살육"
"Axe Damage and Bleed Chance","도끼 피해 및 출혈 확률"
"Axe Damage and Bleed Duration","도끼 피해 및 출혈 지속시간"
"Cleaving","쪼개기"
"Life Regeneration, Endurance Charge Duration","생명력 재생, 인내 충전 지속시간"
"Life Regeneration, Fire Damage","생명력 재생, 화염 피해"
"Life Regeneration, Totem Placement Speed","생명력 재생, 토템 설치 속도"
"Arohongui, Moon's Presence","달의 존재, 아로호누이"
"Tasalio, Cleansing Water","물을 정화하는 자, 타살리오"
"Tukohama, War's Herald","전쟁의 전령, 투코하마"
"Tawhoa, Forest's Strength","숲의 힘, 타호아"
"Life Regeneration, Fire Resistance","생명력 재생, 화염 저항"
"Valako, Storm's Embrace","폭풍으로 감싸는 자, 발라코"
"Hatchet Master","손도끼의 대가"
"Axe Attack Speed and Evasion","도끼 공격 속도 및 회피"
"Wand Elemental Damage","마법봉 원소 피해"
"Wand Mastery","마법봉 숙련"
"Prism Weave","빛의 매듭"
"Wand Attack Speed and Accuracy","마법봉 공격 속도 및 정확도"
"Cast Speed","시전 속도"
"Accuracy and Critical Strike Chance","정확도 및 치명타 확률"
"Eagle Eye","독수리의 눈"
"Chaos and Power Charge Mastery","Chaos and Power Charge Mastery"
"Mana Regeneration per Power Charge","권능 충전 하나당 마나 재생"
"Critical Strike Chance per Power Charge","권능 충전 하나당 치명타 확률"
"Critical Strike Multiplier per Power Charge","권능 충전 하나당 치명타 피해 배율"
"Disciple of the Forbidden","금단 신봉자"
"Born to Fight","타고난 싸움꾼"
"Flask Effect and Duration","플라스크 효과 및 지속시간"
"Nature's Adrenaline","자연의 아드레날린"
"Master Surgeon","일류 의사"
"Flask Effect and Charges Gained","플라스크 효과 및 충전 획득"
"Nature's Boon","자연의 은혜"
"Master Alchemist","일류 연금술사"
"Flask Effect, Attack Damage","플라스크 효과, 공격 피해"
"Veteran Bowyer","노련한 활장이"
"Flask Effect, Chaos Damage","플라스크 효과, 카오스 피해"
"Nature's Reprisal","자연의 앙갚음"
"Physical Attack Damage","물리 공격 피해"
"Life","생명력"
"Mana Flows","마나의 흐름"
"Bravery","기개"
"Trickery","계략"
"Endurance","인내"
"Devotion","헌신"
"Vigour","활력"
"Revelry","환락"
"Dynamo","정력가"
"Claws of the Magpie","까치의 발톱"
"Claw Damage","클로 피해"
"Soul Raker","영혼 채집자"
"Claw Damage and Attack Speed","클로 피해 및 공격 속도"
"Claw Mastery","클로 숙련"
"Claw Critical Strike Chance and Multiplier","클로 치명타 확률 및 배율"
"Claw Damage and Leech","클로 피해 및 흡수"
"Claws of the Hawk","사냥매의 발톱"
"Life Leech and Attack Speed","생명력 흡수 및 공격 속도"
"Lust for Carnage","학살의 욕망"
"Life Leech Speed and Attack Speed","생명력 흡수 속도 및 공격 속도"
"Flash Freeze","순간 동결"
"Cold Mastery","냉기 숙련"
"Weapon Cold Damage","무기 냉기 피해"
"Winter Spirit","겨울의 혼백"
"MARAUDER","머라우더"
"Melee Damage and Life","근접 피해 및 생명력"
"Blunt Trauma","둔탁한 외상"
"Staff Elemental Damage","지팡이 원소 피해"
"One with the River","강에 선 사람"
"Staff Critical Strike Chance and Multiplier","지팡이 치명타 확률 및 배율"
"Staff Critical Strike Chance and Accuracy","지팡이 치명타 확률 및 정확도"
"Totem and Brand Damage and Critical Strike Chance","토템과 낙인의 피해 및 치명타 확률"
"Totem and Brand Critical Strike Chance","토템과 낙인의 치명타 확률"
"Totem and Brand Critical Strike Multiplier","토템과 낙인의 치명타 피해"
"Shaman's Dominion","주술사의 지배"
"Elemental Damage, Attack and Cast Speed","원소 피해, 공격 및 시전 속도"
"Elemental Damage, Life Regeneration","원소 피해, 생명력 재생"
"Elemental Damage and Resistances","원소 피해 및 저항"
"Elemental Damage, Critical Strike Multiplier","원소 피해, 치명타 피해 배율"
"Inevitable Judgement","피할 수 없는 심판"
"Augury of Penitence","참회의 조짐"
"Instruments of Virtue","미덕의 도구"
"Pious Path","경건한 길"
"Knockback Chance","밀어내기 확률"
"Knockback Distance","밀어내기 거리"
"Fending","밀쳐내기"
"Bloodless","무혈"
"Life Mastery","생명력 숙련"
"Fusillade","일제 사격"
"Elder Power","엘더의 힘"
"Wand Damage","마법봉 피해"
"Wand Critical Strike Chance and Multiplier","마법봉 치명타 확률 및 배율"
"Disintegration","분해"
"Stun Threshold Reduction","기절 한계치 감소"
"Stun Duration","기절 지속시간"
"Stun Mastery","기절 숙련"
"Energy Shield Mastery","에너지 보호막 숙련"
"Evasion and Energy Shield","회피 및 에너지 보호막"
"Void Barrier","공허 방어막"
"Unnatural Calm","기이한 고요"
"Expertise","전문 지식"
"Armour and Life Regeneration","방어도 및 생명력 재생"
"Armour Mastery","방어도 숙련"
"Combat Stamina","전투 지구력"
"Minion Damage and Mana","소환수 피해 및 마나"
"Aligned Spirits","조율된 혼백"
"Path of the Warrior","전사의 길"
"Constitution","체질"
"Life and Chaos Resistance","생명력 및 카오스 저항"
"Purity of Flesh","육체의 정화"
"Warrior's Blood","전사의 피"
"Damage","피해"
"Fangs of Frost","서리의 송곳니"
"Spell Damage per Power Charge","권능 충전 하나당 주문 피해"
"Instability","불안정"
"Power Charge Duration","권능 충전 지속시간"
"Divine Fervour","신성한 열정"
"Holy Dominion","신성한 지배력"
"Light of Divinity","신성의 빛"
"Wandslinger","마법봉 투척가"
"Wand Damage and Accuracy","마법봉 피해 및 정확도"
"Wand Physical Damage and Attack Speed","마법봉 물리 피해 및 공격 속도"
"Wand Physical Damage","마법봉 물리 피해"
"Wand Fire Damage","마법봉 화염 피해"
"Wand Cold Damage","마법봉 냉기 피해"
"Tempest Blast","폭풍 강타"
"Dagger Critical Strike Chance and Multiplier","단검 치명타 확률 및 배율"
"Dagger Damage","단검 피해"
"Flaying","가죽 벗기기"
"Dagger Damage and Attack Speed","단검 피해 및 공격 속도"
"Backstabbing","암습"
"Minion Damage and Accuracy","소환수 피해 및 정확도"
"Gravepact","엄숙한 계약"
"Claws of the Falcon","매의 발톱"
"Claw Damage and Critical Strike Chance","클로 피해 및 치명타 확률"
"Claw Accuracy and Critical Strike Chance","클로 정확도 및 치명타 확률"
"Grave Intentions","무덤의 목적"
"Minion Life and Resistances","소환수 생명력 및 저항"
"Death Attunement","죽음의 조율"
"Minion Life and Life Regeneration","소환수 생명력 및 생명력 재생"
"Minion Life and Damage","소환수 생명력 및 피해"
"Minion Damage and Life Leech","소환수 피해 및 생명력 흡수"
"Minion Life Regeneration","소환수 생명력 재생"
"Sacrifice","희생"
"Minion Life Leech","소환수 생명력 흡수"
"Blood Siphon","혈액 착취"
"Soul Siphon","영혼 착취"
"Foresight","선견지명"
"Overcharge","과충전"
"Faith and Steel","신뢰와 강철"
"Armour and Energy Shield","방어도 및 에너지 보호막"
"Mind Drinker","정신 흡수자"
"Cold Damage, Freeze and Chill Duration, Chill Effect","냉기 피해, 동결 및 냉각 지속시간, 냉각 효과"
"Fingers of Frost","서리의 손가락"
"Cold Damage, Freeze Chance and Chill Effect","냉기 피해, 동결 확률 및 냉각 효과"
"Cold Damage Over Time Multiplier","지속 냉기 피해 배율"
"Channelling Damage","집중 유지 피해"
"Channelling Damage and Speed","집중 유지 피해 및 속도"
"Singular Focus","비범한 집중"
"Channelling Mastery","집중 유지 숙련"
"Fire Damage and Burning Damage Multiplier","화염 피해 및 화상 피해 배율"
"Heart of Flame","화염의 심장"
"Fire Damage and Ignite Chance","화염 피해 및 점화 확률"
"Fire Mastery","화염 숙련"
"Breath of Flames","화염의 숨결"
"Fire Damage and Life Regeneration","화염 피해 및 생명력 재생"
"Arsonist","방화범"
"Magmatic Strikes","마그마성 일격"
"Energy Shield and Energy Shield Recharge Rate","에너지 보호막 및 에너지 보호막 재충전 속도"
"Essence Surge","에센스 쇄도"
"Heart of Ice","얼음의 심장"
"Cold Damage, Freeze and Chill Duration","냉기 피해, 동결 및 냉각 지속시간"
"Cold Damage, Cold Damage Over Time Multiplier and Chill Effect","냉기 피해, 지속 냉기 피해 증가 및 냉각 효과"
"Cold Damage, Cold Damage Over Time Multiplier and Freeze Chance","냉기 피해, 지속 냉기 피해 배율 및 동결 확률"
"Breath of Rime","흰서리의 숨결"
"Infused","주입"
"Soul Thief","영혼 도둑"
"Holy Fire","신성한 불꽃"
"Projectile Damage and Speed","투사체 피해 및 속도"
"Projectile Damage","투사체 피해"
"Fury Bolts","광분의 화살"
"Spell Critical Strike Chance","주문 치명타 확률"
"Spell Critical Strike Multiplier","주문 치명타 피해 배율"
"Arcane Potency","비전의 잠재력"
"Amplify","증폭"
"Area of Effect","효과 범위"
"Area of Effect Damage","효과 범위 피해"
"Deep Thoughts","깊은 생각"
"Cruel Preparation","잔혹한 준비"
"Mana Regeneration and Life","마나 재생 및 생명력"
"Quick Recovery","빠른 회복"
"Bow Accuracy and Attack Speed","활 정확도 및 공격 속도"
"Bow Damage and Accuracy","활 피해 및 정확도"
"Dreamer","몽상가"
"Arcane Focus","비전의 집중"
"Energy Shield and Recovery, Mana Regeneration","에너지 보호막 및 회복, 마나 재생"
"Arcane Will","비전의 의지"
"Critical Strike Multiplier","치명타 피해 배율"
"Throatseeker","숨통 노리기"
"Nimbleness","기민함"
"Cast Speed and Spell Critical Strike Chance","시전 속도 및 주문 치명타 확률"
"Life and Flasks","생명력과 플라스크"
"Profane Chemistry","부정한 반응"
"Mental Rapidity","신속한 정신"
"Spell Damage","주문 피해"
"Dual Wield Attack Speed","쌍수 공격 속도"
"Gemini","쌍둥이자리"
"Dual Wield Damage and Block","쌍수 피해 및 막기"
"Deep Wisdom","깊은 지혜"
"Skill Duration","스킬 지속시간"
"Potency of Will","의지의 잠재력"
"Ancestral Knowledge","선대의 지식"
"Exceptional Performance","특출난 솜씨"
"Precise Interception","정밀한 차단"
"Attack Damage and Speed with Shield","방패의 공격 피해 및 속도"
"Attack Damage and Accuracy with Shield","방패의 공격 피해 및 정확도"
"Dual Wield Damage and Accuracy","쌍수 피해 및 정확도"
"Aspect of the Panther","흑표의 위상"
"Dual Wield Damage and Attack Speed","쌍수 피해 및 공격 속도"
"Adder's Touch","살무사의 접촉"
"Dagger Damage and Poison Chance","단검 피해 및 중독 확률"
"Dagger Critical Strike Multiplier and Poison Duration","단검 치명타 피해 배율 및 중독 지속시간"
"Brutal Blade","잔인한 검"
"Sword Critical Strike Chance and Multiplier","검 치명타 확률 및 배율"
"Sword Damage and Critical Strike Chance","검 피해 및 치명타 확률"
"Fatal Blade","치명적인 검"
"Written in Blood","혈서"
"Life and Energy Shield","생명력 및 에너지 보호막"
"Life and Energy Shield Mastery","생명력 및 에너지 보호막 숙련"
"Poisonous Fangs","독성 송곳니"
"Claw Damage and Poison Chance","클로 피해 및 중독 확률"
"Claw Damage and Ailment Damage","클로 피해 및 상태 이상 피해"
"Claw Attack Speed and Poison Chance","클로 공격 속도 및 중독 확률"
"From the Shadows","어둠 속에서"
"Dagger Damage and Movement Speed","단검 피해 및 이동 속도"
"Claw Attack Speed and Movement Speed","클로 공격 속도 및 이동 속도"
"Claws of the Pride","긍지의 클로"
"Claw Attack Speed and Movement Skill Cooldown","클로 공격 속도 및 이동 스킬 재사용 대기시간"
"Mine Mastery","지뢰 숙련"
"Mine Critical Strike Chance","지뢰 치명타 확률"
"Mine Critical Strike Multiplier","지뢰 치명타 피해 배율"
"Mine Critical Strike Chance and Multiplier","지뢰 치명타 확률 및 배율"
"Successive Detonations","연이은 폭발"
"Heavy Draw","묵직한 당기기"
"Physical Bow Damage and Area of Effect","활 물리 피해 및 효과 범위"
"Physical Bow Damage and Chance to Bleed","활 물리 피해 및 출혈 확률"
"Bow Mastery","활 숙련"
"Physical Bow Damage","물리 활 피해"
"Deadly Draw","치명적인 당기기"
"Bow Damage and Critical Strike Chance","활 피해 및 치명타 확률"
"Bow Damage and Attack Speed","활 피해 및 공격 속도"
"Bow Damage and Critical Strike Multiplier","활 피해 및 치명타 피해 배율"
"King of the Hill","언덕의 왕"
"Master Fletcher","화살 숙련가"
"Aspect of the Eagle","독수리의 위상"
"Bow Attack Speed and Critical Strike Chance","활 공격 속도 및 치명타 확률"
"Bow Damage and Chance to Poison","활 피해 및 중독 확률"
"Hunter's Gambit","사냥꾼의 책략"
"Bow Damage","활 피해"
"Fervour","열정"
"Evasion per Frenzy Charge","격분 충전 하나당 회피"
"Frenzy Charge Duration","격분 충전 지속시간"
"Frenetic","광란"
"Blood Drinker","피 흡수자"
"Sword Damage and Critical Strike Multiplier","검 피해 및 치명타 피해 배율"
"Blade of Cunning","교활한 검"
"Sword Attack Speed and Critical Strike Chance","검 공격 속도 및 치명타 확률"
"Prowess","기량"
"Savagery","야만성"
"Cloth and Chain","천과 사슬"
"Herbalism","약초학"
"Reflexes","반사신경"
"Beef","근력"
"Shield Spell Block and Block Recovery","주문 방패 막기 및 막기 회복"
"Deflection","굴절"
"Shield Block and Shield Defences","방패 막기 및 방패 방어력"
"Stun Avoidance and Movement Speed","기절 긴급회피 및 이동 속도"
"Heart of Oak","오크의 심장"
"Primal Spirit","원시 혼백"
"Mana and Flask Effect","마나 및 플라스크 효과"
"Aura Area of Effect","오라 효과 범위"
"Aura Effect","오라 효과"
"Champion of the Cause","대의의 용사"
"Attack and Movement Speed","공격 및 이동 속도"
"Druidic Rite","드루이드 의식"
"Quickstep","빠른 걸음"
"Lightning Damage and Shock Avoidance","번개 피해 및 감전 긴급회피"
"Fire Damage and Ignite Avoidance","화염 피해 및 점화 긴급회피"
"Cold Damage, Freeze and Chill Avoidance","냉기 피해, 동결 및 냉각 긴급회피"
"Crystal Skin","결정 가죽"
"Avoid Status Ailments and Elemental Resistances","상태 이상 회피 및 원소 저항"
"Dual Wield Damage","쌍수 피해"
"Dervish","수도승"
"Dual Wield Accuracy","쌍수 정확도"
"RANGER","레인저"
"Evasion and Life","회피 및 생명력"
"Projectile Damage and Attack Speed","투사체 피해 및 공격 속도"
"Accuracy","정확도"
"Accuracy and Attack Speed","정확도 및 공격 속도"
"Acuity","예민함"
"Accuracy and Elemental Resistances","정확도 및 원소 저항"
"Weathered Hunter","풍파에 시달린 사냥꾼"
"Depth Perception","날카로운 감각"
"Ballistic Mastery","탄도학 숙련"
"WITCH","위치"
"Energy Shield and Mana Regeneration","에너지 보호막 및 마나 재생"
"TEMPLAR","템플러"
"Damage and Mana","피해 및 마나"
"Reduced Mana Reservation","마나 점유 감소"
"Sovereignty","주권"
"Aura Mastery","오라 숙련"
"Heart of the Warrior","전사의 심장"
"Versatility","융통성"
"Melee Area of Effect and Damage","근접 효과 범위 및 피해"
"Brinkmanship","벼랑 끝 전략"
"Shield Defences and Attack Damage with Shields","방패 방어력 및 방패의 공격 피해"
"Shield Block and Attack Speed","방패 막기 및 공격 속도"
"Command of Steel","강철의 명령"
"Serpent Stance","독사의 자세"
"Attack Damage","공격 피해"
"Influence","영향력"
"Weapon Artistry","무기의 예술성"
"Aspect of the Lynx","스라소니의 위상"
"Attack Damage and Accuracy","공격 피해 및 정확도"
"Ambidexterity","양손잡이"
"Blade Barrier","칼날 방어막"
"Duel Wield Mastery","쌍수 숙련"
"Essence Glutton","에센스 포식"
"Critical Strike Chance","치명타 확률"
"Heartseeker","심장 노리기"
"Destroyer","파괴자"
"Two Handed Attack Speed","양손 공격 속도"
"Bow Critical Strike Chance","활 치명타 확률"
"Lethality","치명상"
"Bow Critical Strike Chance and Multiplier","활 치명타 확률 및 배율"
"Fire Damage and Cast Speed with Fire Skills","화염 스킬의 화염 피해 및 시전 속도"
"Fire Damage and Fire Conversion","화염 피해 및 화염 전환"
"Explosive Impact","폭발적인 충격"
"Swagger","활보"
"Dual Wield Attack Speed and Block","쌍수 공격 속도 및 막기"
"Mana and Life","마나 및 생명력"
"Heart and Soul","심장과 영혼"
"Practical Application","현실적 응용"
"Avoid Interruption while Casting","시전하는 동안 방해 회피"
"SIX","6"
"Physical and Chaos Damage and Life","물리 및 카오스 피해와 생명력"
"Fire and Cold Damage","화염 및 냉기 피해"
"Fire Damage and Fire Skill Critical Multiplier","화염 피해 및 화염 스킬 치명타 피해"
"Cold Damage and Cold Skill Critical Strike Chance","냉기 피해 및 냉기 스킬 치명타 확률"
"Snowforged","눈의 대장간"
"Cold and Fire Mastery","냉기 및 화염 숙련"
"Master Toxicist","일류 독술사"
"Melee Critical Strike Multiplier","근접 치명타 피해 배율"
"Disemboweling","창자 뽑기"
"Melee Critical Strike Chance","근접 치명타 확률"
"Melee Critical Mastery","근접 치명타 숙련"
"Damage Over Time and Life Regeneration","지속 피해 및 생명력 재생"
"Damage Over Time","지속 피해"
"Growth and Decay","성장과 부패"
"Chaos Mastery","카오스 숙련"
"Lethal Assault","치명적인 공격"
"Evasion, Energy Shield, Life and Resistances","회피, 에너지 보호막, 생명력 및 저항"
"Resourcefulness","지략"
"Damage, Area and Projectile Speed","피해, 범위, 투사체 속도"
"Battle Rouse","전투 분발"
"Hematophagy","흡혈"
"Coordination","조율"
"Minion Attack Speed and Accuracy","소환수 공격 속도 및 정확도"
"Spiritual Command","혼백의 명령"
"Brand Damage","낙인 피해"
"Explosive Runes","폭발 룬"
"Sleight of Hand","교묘한 손재주"
"Physical Damage","물리 피해"
"Will of Blades","칼날의 의지"
"Mine Throwing and Detonation Speed","지뢰 투척 및 폭파 속도"
"Mine Damage and Reduced Mana Reservation","지뢰 피해 및 마나 점유 감소"
"Volatile Mines","폭발성 지뢰"
"Mine Damage and Duration","지뢰 피해 및 지속시간"
"Revenge of the Hunted","사냥감의 복수"
"Utmost Intellect","극에 이른 지능"
"Physique","체격"
"Sword Attack Speed and Accuracy","검 공격 속도 및 정확도"
"Sword Damage and Accuracy","검 피해 및 정확도"
"Honed Edge","잘 갈린 날"
"Master of the Arena","투기장의 대가"
"Arcane Vision","비전의 시야"
"Art of the Gladiator","검투사의 기교"
"Essence Sap","정수 진액"
"Agility","민첩함"
"Alacrity","기민성"
"Berserking","광폭화"
"Attack and Cast Speed, Accuracy","공격 및 시전 속도, 정확도"
"Discipline and Training","수양과 훈련"
"Elemental Damage, Status Ailment Chance","원소 피해, 상태 이상 확률"
"Beacon of Ruin","폐허의 등불"
"Shaper of Desolation","황량함의 형성자"
"Liege of the Primordial","태고의 군주"
"Mastermind of Discord","불화의 지휘자"
"Pendulum of Destruction","파괴의 추"
"Paragon of Calamity","재난의 화신"
"Elemancer","원소 골렘술사"
"Sentinel","파수꾼"
"Projectile Damage, Attack Speed","투사체 피해, 공격 속도"
"Fast and Deadly","빠르고 강력하게"
"Ricochet","튕겨 쏘기"
"Projectile Damage, Accuracy","투사체 피해, 정확도"
"Endless Munitions","끝없는 탄약"
"Projectile Damage, Critical Strike Chance","투사체 피해, 치명타 확률"
"Rupture","파열"
"Powerful Precision","강력한 정밀함"
"Gathering Winds","몰려드는 바람"
"Proficiency","숙달"
"Block","막기"
"Block and Block Recovery","막기 및 막기 회복"
"Poison and Bleed Damage","중독 및 출혈 피해"
"Poison and Bleed Chance","중독 및 출혈 확률"
"Dirty Techniques","더러운 기술"
"Two Handed Melee Critical Strike Chance and Accuracy","양손 근접 치명타 확률 및 정확도"
"Titanic Impacts","거대한 충격"
"Evasion, Frenzy Charge Duration","회피, 격분 충전 지속시간"
"Way of the Poacher","밀렵꾼의 길"
"Avatar of the Slaughter","살육의 화신"
"Evasion, Onslaught Duration","회피, 맹공 지속시간"
"Rapid Assault","신속한 공격"
"Avatar of the Chase","추적의 화신"
"Evasion, Movement Speed","회피, 이동 속도"
"Quartz Infusion","석영 주입"
"Avatar of the Veil","장막의 화신"
"Minion Damage and Area of Effect","소환수 피해 및 효과 범위"
"Fearsome Force","무시무시한 힘"
"Minion Life and Block","소환수 생명력 및 막기"
"Decay Ward","부패 수호"
"Minion Life and Spell Block","소환수 생명력 및 주문 막기"
"Arcanist's Dominion","신비학자의 지배력"
"Thief's Craft","도둑의 술책"
"Life and Reduced Mana Cost","생명력 및 마나 소모 감소"
"Tireless","끈기"
"Minion Damage and Movement Speed","소환수 피해 및 이동 속도"
"Ravenous Horde","굶주린 패거리"
"Mana Flasks","마나 플라스크"
"Essence Extraction","에센스 추출"
"Chaos Damage with Attacks and Poison Damage Multiplier","공격 시 카오스 피해 및 중독 피해 배율"
"Toxic Strikes","맹독성 일격"
"Righteous Army","정의의 군대"
"Redemption","구원"
"Spiritual Aid","혼백의 도움"
"Whispers of Doom","멸망의 속삭임"
"Curse Cast Speed","저주 시전 속도"
"Retribution","응징"
"Armour and Energy Shield, Block Chance","방어도 및 에너지 보호막, 막기 확률"
"Time of Need","긴요한 시기"
"Radiant Faith","찬란한 믿음"
"Bastion of Hope","희망의 보루"
"Armour and Energy Shield, Life Regeneration","방어도 및 에너지 보호막, 생명력 재생"
"Armour and Energy Shield, Aura Effect","방어도 및 에너지 보호막, 오라 효과"
"Armour and Energy Shield, Charge Duration","방어도 및 에너지 보호막, 충전 지속시간"
"Harmony of Purpose","의지력의 조화"
"Unwavering Faith","변함없는 믿음"
"Armour and Energy Shield, Minion Damage","방어도 및 에너지 보호막, 소환수 피해"
"Radiant Crusade","찬란한 성전"
"Unwavering Crusade","변함없는 성전"
"Weapon Elemental Damage, Status Ailment Chance","무기 원소 피해, 상태 이상 확률"
"Weapon Elemental Damage","무기 원소 피해"
"Primeval Force","원시적인 힘"
"Weapon Elemental Mastery","무기 원소 숙련"
"Wisdom of the Glade","숲의 지혜"
"Galvanic Hammer","충격의 망치"
"Mace Critical Strike Chance and Multiplier","철퇴 치명타 확률 및 배율"
"Sceptre Mastery","셉터 숙련"
"Mace Elemental Damage and Accuracy","철퇴 원소 피해 및 정확도"
"Pain Forger","거짓 고통"
"Hard Knocks","고난"
"Skittering Runes","달리는 룬 문자"
"Damage Over Time and Chaos Damage Over Time Multiplier","지속 피해 및 지속 카오스 피해 증가"
"Atrophy","위축"
"Physical Damage and Attack and Cast Speed","물리 피해 및 공격과 시전 속도"
"Force Shaper","힘의 형성자"
"Physical and Chaos Damage","물리 및 카오스 피해"
"Physical and Chaos Mastery","물리 및 카오스 숙련"
"Armour and Evasion, Taunt Duration","방어도 및 회피, 도발 지속시간"
"Armour and Evasion, Attack Damage","방어도 및 회피, 공격 피해"
"Armour and Evasion, Aura Effect","방어도 및 회피, 오라 효과"
"Fortitude","강건함"
"Unstoppable Hero","무적의 영웅"
"Conqueror","정복자"
"Worthy Foe","호적수"
"Inspirational","격려"
"First to Strike, Last to Fall","선수필승"
"Armour and Evasion, Impale Effect","방어도 및 회피, 꿰뚫기 효과"
"Master of Metal","금속의 대가"
"Attack and Cast Speed","공격 및 시전 속도"
"Warcry Cooldown Speed","함성 재사용 대기시간 속도"
"Warcry Duration","함성 지속시간"
"Battle Cry","전투의 함성"
"Finesse","수완"
"Attack Speed and Poison Chance","공격 속도 및 중독 확률"
"Attack Speed, Poison Damage and Poison Damage Multiplier","Attack Speed, Poison Damage and Poison Damage Multiplier"
"Attack Speed and Poison Duration","공격 속도 및 중독 지속시간"
"Swift Venoms","즉발성 맹독"
"Poison Mastery","독 숙련"
"Might","완력"
"Energy Shield Leech","에너지 보호막 흡수"
"Increased Energy Shield Leeched","에너지 보호막 흡수 증가"
"Ethereal Feast","천상의 연회"
"Movement Speed","이동 속도"
"Assassination","암살"
"Trap and Mine Throwing Speed","덫과 지뢰 투척 속도"
"Twin Terrors","쌍수의 공포"
"Dual Wield Critical Strike Chance and Accuracy","쌍수 치명타 확률 및 정확도"
"Dual Wield Critical Strike Multiplier and Accuracy","쌍수 치명타 피해 배율 및 정확도"
"Dual Wield Critical Strike Chance","쌍수 치명타 확률"
"Doom Cast","멸망 시전"
"Spell Critical Mastery","주문 치명타 숙련"
"Golem's Blood","골렘의 피"
"Evasion and Elemental Resistances","회피 및 원소 저항"
"Survivalist","생존주의자"
"Thick Skin","두꺼운 가죽"
"Blast Radius","폭발 반경"
"Necromantic Aegis","강령술의 비호"
"Channelling Attack Damage and Speed","집중 유지 공격 피해 및 속도"
"Channelling Attack Damage","집중 유지 공격 피해"
"Charging Offensive","돌진 공격"
"One Handed Melee Damage and Life Leech","한손 근접 피해 및 생명력 흡수"
"One Handed Melee Damage and Attack Speed","한손 근접 피해 및 공격 속도"
"Gladiator's Perseverance","검투사의 인내"
"One Hand Mastery","한손 숙련"
"Acrobatics Improvement","곡예 향상"
"Charisma","신비한 매력"
"Leadership","통솔력"
"Coldhearted Calculation","냉담한 계산"
"Piercing Shots","관통 사격"
"Fangs of the Viper","독사의 송곳니"
"Forces of Nature","자연의 힘"
"Trap and Mine Damage and Throwing Speed","덫과 지회 피해 및 투척 속도"
"Trap and Mine Critical Strike Chance","덫과 지뢰의 치명타 확률"
"High Explosives","고성능 폭약"
"Trap and Mine Critical Strike Multiplier","덫과 지뢰의 치명타 피해"
"Clever Construction","교묘한 구조물"
"Trap and Mine Mastery","Trap and Mine Mastery"
"Devastating Devices","파괴적인 장치"
"Mana Regeneration and Intelligence","마나 재생 및 지능"
"Spell Damage and Intelligence","주문 피해 및 지능"
"Projectile Damage and Dexterity","투사체 피해 및 민첩"
"Attack Speed and Dexterity","공격 속도 및 민첩"
"Life and Strength","생명력 및 힘"
"Melee Damage and Strength","근접 피해 및 힘"
"Seven","7"
"True Strike","정확한 일격"
"Life and Elemental Resistances","생명력 및 원소 저항"
"Barbarism","포악성"
"Elemental Resistances and Attack Speed with Shields","방패의 원소 저항 및 공격 속도"
"Weapon Elemental Damage and Attack Speed with Shield","방패의 무기 원소 피해 및 공격 속도"
"Command of the Elements","원소의 명령"
"Weapon Elemental Damage, Elemental Resistance with Shields and Shield Defences","방패의 무기 원소 피해, 원소 저항 및 방패 방어력"
"Mine Damage","지뢰 피해"
"Mine Damage and Throwing Speed","지뢰 피해 및 투척 속도"
"Destructive Apparatus","파괴적인 기구"
"Mine Throwing Speed","지뢰 투척 속도"
"Melding","융합"
"Mana and Life Regeneration","마나 및 생명력 재생"
"Totem Damage","토템 피해"
"Shamanistic Fury","주술사의 광분"
"Totem and Brand Damage, Totem Placement Speed","토템 및 낙인 피해, 토템 배치 속도"
"Totem Life and Physical Damage Reduction, Brand Duration","토템 생명력 및 물리 피해 감소, 낙인 지속시간"
"Totem Life and Elemental Resistances, Brand Duration","토템 생명력 및 원소 저항, 낙인 지속시간"
"Primal Manifestation","원시의 현신"
"Totem Duration, Attack and Cast Speed","토템 지속시간, 공격 및 시전 속도"
"Totem Placement Speed and Duration","토템 설치 속도 및 지속시간"
"Totemic Zeal","토템의 열의"
"Trap Throw Speed and Damage","덫 투척 속도 및 피해"
"Master Sapper","일급 공병"
"Bow Damage and Movement Speed","활 피해 및 이동 속도"
"Bow Damage and Evasion","활 피해 및 회피"
"Avatar of the Hunt","사냥의 화신"
"Path of the Savant","학자의 길"
"Shaper","쉐이퍼"
"Path of the Marauder","머라우더의 길"
"Passive Point","패시브 포인트"
"Marauder Ascendancy","머라우더 전직"
"Harrier","해리어"
"Energy Shield and Minion Life","에너지 보호막 및 소환수 생명력"
"Chaos Damage and Chaos Damage Over Time Multiplier","카오스 피해 및 지속 카오스 피해 증가"
"Chaos Resistance and Chaos Damage","카오스 저항 및 카오스 피해"
"Method to the Madness","광기에 이르는 방법"
"Melee Attack Speed","근접 공격 속도"
"Annihilation","전멸"
"Ash, Frost and Storm","재, 서리, 태풍"
"Mana and Flasks","마나와 플라스크"
"Arcane Chemistry","비전의 반응"
"Energy Shield and Mana","에너지 보호막 및 마나"
"Insightfulness","통찰력"
"Energy Shield and Mana Mastery","에너지 보호막 및 마나 숙련"
"Master of Force","힘 숙련"
"Life and Life on Kill","생명력 및 처치 시 생명력"
"Hired Killer","청부살인자"
"Mana and Mana Gain on Killing Blow","최후의 일격 시 마나 및 마나 획득"
"Thrill Seeker","전율을 찾아헤매는 자"
"Trap and Mine Damage, Movement Speed","덫과 지뢰 피해, 이동 속도"
"Pyromaniac","방화광"
"Born in the Shadows","어둠의 자식"
"Trap and Mine Damage, Elemental Resistances","덫 및 지뢰 피해, 원소 저항"
"Explosives Expert","폭발물 전문가"
"Trap and Mine Damage, Mine Throwing Speed","덫과 지뢰 피해, 지뢰 투척 속도"
"Bomb Specialist","폭탄 전문가"
"Trap and Mine Damage, Trap Throwing Speed","덫과 지뢰 피해, 덫 투척 속도"
"Perfect Crime","완전 범죄"
"Demolitions Specialist","폭파 전문가"
"Chain Reaction","연쇄 반응"
"Armour, Evasion and Life","방어도, 회피 및 생명력"
"Attack Damage with Shield","방패의 공격 피해"
"Defences with Shield","방패의 방어력"
"Defiance","저항"
"Sanctity","존엄성"
"Cold and Lightning Damage","냉기 및 번개 피해"
"Cold Damage and Cold Conversion","냉기 피해 및 냉기 전환"
"Lightning Damage and Lightning Conversion","번개 피해 및 번개 전환"
"Storm Weaver","태풍술사"
"Bleed Damage","출혈 피해"
"Bleed Damage Multiplier","출혈 피해 배율"
"Bleed Chance","출혈 확률"
"Bloodletting","출혈 과다"
"Bleeding Mastery","출혈 숙련"
"Evasion and Blind Duration","회피 및 실명 지속시간"
"Evasion and Blind Avoidance","회피 및 실명 긴급회피"
"Evasion and Blind Chance","회피 및 실명 확률"
"Silent Steps","은밀한 발걸음"
"Attack Damage and Speed while Fortified","방어 상승 시 공격 피해 및 속도"
"Fortify Effect and Duration","방어 상승 효과 및 지속시간"
"Rampart","성벽"
"Fortify Mastery","방어 상승 숙련"
"Blast Cascade","폭발 폭포"
"Mine and Trap Mastery","Mine and Trap Mastery"
"Armour, Endurance Charge Duration","방어도, 인내 충전 지속시간"
"Armour, Attack Speed","방어도, 공격 속도"
"Armour, Stun Duration","방어도, 기절 지속시간"
"Unyielding","완고"
"Undeniable","명명백백"
"Unflinching","불굴"
"Unrelenting","분투"
"Armour, Movement Speed","방어도, 이동 속도"
"Unstoppable","폭주"
"Unbreakable","무적"
"Dagger Damage and Leech","단검 피해 및 흡수"
"Stabbing Thirst","목 절개"
"Physical Attack Damage, Life Leeched per Second","물리 공격 피해, 초당 생명력 흡수"
"Physical Attack Damage, Critical Strike Chance","물리 공격 피해, 치명타 확률"
"Physical Attack Damage, Attack Speed","물리 공격 피해, 공격 속도"
"Physical Attack Damage, Warcry Duration","물리 공격 피해, 함성 지속시간"
"War Bringer","전쟁 인도자"
"Rite of Ruin","폐허의 의식"
"Pain Reaver","고통 강탈자"
"Flawless Savagery","결함 없는 야만성"
"Crave the Slaughter","살육의 갈망"
"Aspect of Carnage","학살의 위상"
"Blitz","공세"
"Warcry Buff Effect","함성 버프 효과"
"Words of Glory","영광의 명령"
"Ngamahu, Flame's Advance","불꽃의 진보, 나마후"
"Hinekora, Death's Fury","죽음의 광분, 히네코라"
"Ramako, Sun's Light","태양의 빛, 라마코"
"Energy Shield, Curse Effect","에너지 보호막, 저주 효과"
"Energy Shield, Cold and Chaos Damage","에너지 보호막, 냉기 및 카오스 피해"
"Energy Shield, Power Charge Duration","에너지 보호막, 권능 충전 지속시간"
"Energy Shield, Energy Shield Recharge Rate","에너지 보호막, 에너지 보호막 재충전 속도"
"Profane Bloom","부정한 꽃"
"Malediction","악담"
"Vile Bastion","끔찍한 보루"
"Void Beacon","공허의 등불"
"Forbidden Power","금지된 힘"
"Energy Shield, Chaos Damage over Time Multiplier","에너지 보호막, 지속 카오스 피해 증가"
"Energy Shield, Cold Damage over Time Multiplier","에너지 보호막, 지속 냉기 피해 증가"
"Withering Presence","고사시키는 존재"
"Frigid Wake","차디찬 각성"
"Minion Damage and Life","소환수 피해 및 생명력"
"Minion Damage, Skill Duration","소환수 피해, 스킬 지속시간"
"Minion Damage, Mana","소환수 피해, 마나"
"Mindless Aggression","이유 없는 공격성"
"Unnatural Strength","초자연적인 힘"
"Bone Barrier","뼈대 방어막"
"Mistress of Sacrifice","희생의 여주인"
"Commander of Darkness","어둠의 사령관"
"Minion Damage, Cast Speed","소환수 피해, 시전 속도"
"Plaguebringer","역병운반자"
"Corpse Pact","시신의 서약"
"Trap Damage and Cooldown Recovery","덫 피해 및 재사용 대기시간 회복"
"Hasty Reconstruction","황급한 재건"
"Minion Damage, Aura Effect","소환수 피해, 오라 효과"
"Attack Damage, Critical Strike Chance","공격 피해, 치명타 확률"
"Attack Damage, Attack Speed","공격 피해, 공격 속도"
"Attack Damage, Life Leech","공격 피해, 생명력 흡수"
"Attack Damage, Area of Effect","공격 피해, 효과 범위"
"Bane of Legends","전설의 파멸"
"Overwhelm","압도"
"Headsman","참수자"
"Endless Hunger","끝없는 굶주림"
"Brutal Fervour","잔인한 열정"
"Impact","충격"
"Attack Damage, Frenzy and Endurance Charge Duration","공격 피해, 격분 및 인내 충전 지속시간"
"Masterful Form","명인의 형태"
"Attack Speed, Physical Damage","공격 속도, 물리 피해"
"Attack Speed, Block Chance","공격 속도, 막기 확률"
"Attack Speed and One Handed Damage","공격 속도 및 한손 피해"
"Gratuitous Violence","불필요한 폭력"
"Blood in the Eyes","피맺힌 눈"
"Outmatch and Outlast","승자생존"
"Painforged","고통의 대장간"
"Violent Retaliation","격렬한 보복"
"Attack Speed, Movement Speed","공격 속도, 이동 속도"
"Arena Challenger","투기장의 도전자"
"Righteous Providence","정의로운 섭리"
"Mana Regeneration, Spell Damage","마나 재생, 주문 피해"
"Mana Regeneration, Totem Placement Speed","마나 재생, 토템 설치 속도"
"Mana Regeneration, Mana","마나 재생, 마나"
"Mana Regeneration, Power and Endurance Charge Duration","마나 재생, 권능 및 인내 충전 지속시간"
"Divine Guidance","신성한 인도"
"Sanctuary of Thought","사고의 성역"
"Pursuit of Faith","믿음의 추구"
"Ritual of Awakening","각성의 의식"
"Conviction of Power","힘의 신념"
"Illuminated Devotion","빛나는 헌신"
"Arcane Blessing","비전의 축복"
"Mana Regeneration, Brand Damage","마나 재생, 낙인 피해"
"Sign of Purpose","의지력의 징표"
"Critical Strike Chance, Power Charge Duration","치명타 확률, 권능 충전 지속시간"
"Unstable Infusion","불안정한 주입"
"Deadly Infusion","치명적인 주입"
"Critical Strike Chance and Multiplier","치명타 확률 및 배율"
"Ambush and Assassinate","매복과 암살"
"Opportunistic","기회주의"
"Critical Strike Chance, Damage Over Time","치명타 확률, 지속 피해"
"Toxic Delivery","맹독성 전달"
"Noxious Strike","유독성 일격"
"Critical Strike Chance, Movement Speed","치명타 확률, 이동 속도"
"Mistwalker","안개 속을 걷는 자"
"Attack and Cast Speed, Frenzy Charge Duration","공격 및 시전 속도, 격분 충전 지속시간"
"Swift Killer","재빠른 살인자"
"Attack and Cast Speed, Damage Over Time","공격 및 시전 속도, 지속 피해"
"Patient Reaper","참을성 있는 수확자"
"Attack and Cast Speed, Evasion and Energy Shield","공격 및 시전 속도, 회피 및 에너지 보호막"
"Escape Artist","탈출의 명수"
"Attack and Cast Speed, Maximum Mana","공격 및 시전 속도, 최대 마나"
"Prolonged Pain","지속되는 고통"
"Weave the Arcane","비전의 매듭"
"Harness the Void","공허의 고삐"
"Path of the Ranger","레인저의 길"
"Ranger Ascendancy","레인저 전직"
"Path of the Witch","위치의 길"
"Witch Ascendancy","위치 전직"
"Path of the Duelist","듀얼리스트의 길"
"Strength and Dexterity","힘과 민첩"
"Duelist Ascendancy","듀얼리스트 전직"
"Path of the Shadow","쉐도우의 길"
"Dexterity and Intelligence","민첩과 지능"
"Shadow Ascendancy","쉐도우 전직"
"Path of the Templar","템플러의 길"
"Strength and Intelligence","힘과 지능"
"Templar Ascendancy","템플러 전직"
"Poison Damage and Poison Damage Multiplier","중독 피해 및 중독 피해 배율"
"Fatal Toxins","치명적인 독소"
"Poison Damage and Duration","중독 피해 및 지속시간"
"Trap Throwing Speed and Trigger Area","덫 투척 속도 및 발동 범위"
"Expeditious Munitions","효율적인 탄약"
"Overcharged","과충전"
"Charge on Kill","처치 시 충전"
"Bleed Damage and Bleed Damage Multiplier","출혈 피해 및 출혈 피해 배율"
"Bleed Damage Multiplier and Bleed Chance","출혈 피해 배율 및 출혈 확률"
"Red Storm","붉은 태풍"
"Damage and Energy Shield","피해 및 에너지 보호막"
"Attack and Minion Damage","공격 및 소환수 피해"
"Impale Effect and Attack Speed","꿰뚫기 효과 및 공격 속도"
"Impale Chance and Physical Attack Damage","꿰뚫기 확률 및 물리 공격 피해"
"Forceful Skewering","강력한 꿰뚫기"
"Brand Damage and Range","낙인 피해 및 범위"
"Brand Frequency and Duration","낙인 빈도 및 지속시간"
"Runesmith","룬 제작자"
"Brand Mastery","낙인 숙련"
"Light Eater","빛 포식자"
"Channelling Speed","집중 유지 속도"
"Lucidity","명료함"
"Dual Wield Cast Speed","쌍수 시전 속도"
"Dual Wield Cast Speed and Movement Skill Cooldown Recovery","쌍수 시전 속도 및 이동 스킬 재사용 대기시간 회복"
"Dual Wield Spell Damage and Movement Speed","쌍수 주문 피해 및 이동 속도"
"Dark Arts","어둠의 기술"
"Arcane Dual Wield Mastery","비전 쌍수 숙련"
"Dual Wield Attack and Cast Speed and Block","쌍수 공격 및 시전 속도와 막기"
"Dual Wield Spell Damage and Attack and Cast Speed","쌍수 주문 피해 및 공격과 시전 속도"
"Dual Wield Spell Damage and Spell Block","쌍수 주문 피해 및 주문 막기"
"Mysticism","신비주의"
"Staff Spell Damage and Chaos Resistance","지팡이 주문 피해 및 카오스 저항"
"Staff Spell Damage","지팡이 주문 피해"
"Staff Spell Damage and Spell Block","지팡이 주문 피해 및 주문 막기"
"Staff Spell Damage and Block","지팡이 주문 피해 및 막기"
"Enigmatic Defence","수수께끼의 방어력"
"Arcane Staff Mastery","비전 지팡이 숙련"
"Staff Area of Effect","지팡이 효과 범위"
"Staff Area of Effect and Attack and Cast Speed","지팡이 효과 범위 및 공격과 시전 속도"
"Enigmatic Reach","수수께끼의 역량"
"Shield Spell Damage","방패 주문 피해"
"Shield Spell Damage and Spell Block","방패 주문 피해 및 주문 막기"
"Shield Spell Damage, Block Recovery and Energy Shield","방패 주문 피해, 막기 회복 및 에너지 보호막"
"Arcane Guarding","비전 수호"
"Arcane Shield Mastery","비전 방패 숙련"
"Shield Spell Damage and Block","방패 주문 피해 및 막기"
"Shield Spell Damage and Cast Speed","방패 주문 피해 및 시전 속도"
"Arcane Swiftness","비전 신속"
"Spell Area of Effect and Damage","주문 효과 범위 및 피해"
"Arcane Expanse","비전 팽창"
"Evasion and Movement Speed","회피 및 이동 속도"
"Evasion and Movement Skill Cooldown Recovery","회피 및 이동 스킬 재사용 대기시간 회복"
"Fleetfoot","넓은 발"
"Evasion and Phasing","회피 및 차원 능력"
"Freedom of Movement","이동의 자유"
"Armour and Endurance Charges","방어도 및 인내 충전"
"Inexorable","준엄"
"Armour and Guard Skill Cooldown Recovery","방어도 및 수호 스킬 재사용 대기시간 회복"
"Guard Skill Cooldown Recovery and Physical Damage Reduction","방어 스킬 재사용 대기시간 회복 및 물리 피해 감소"
"Adamant","견고한 의지"
"Dismembering","사지 절단"
"Fortify Effect and Melee Damage","방어 상승 효과 및 근접 피해"
"Fortify Effect and Armour","방어 상승 효과 및 방어도"
"Steadfast","요지부동"
"Channelling Attack Speed and Stun Avoidance","집중 유지 공격 속도 및 기절 긴급회피"
"Unpredictable Offensive","변덕스러운 공격"
"Impale Effect","꿰뚫기 효과"
"Impale Chance","꿰뚫기 확률"
"Swift Skewering","재빠른 꿰뚫기"
"Impale Mastery","꿰뚫기 숙련"
"Damage and Critical Strikes against Blinded Enemies","실명한 적에 대한 피해 및 치명타"
"Blind Chance","실명 확률"
"Dazzling Strikes","현란한 일격"
"Attack Blind Mastery","공격 실명 숙련"
"Movement Speed per Frenzy Charge","격분 충전 하나당 이동 속도"
"Attack Speed per Frenzy Charge","격분 충전 하나당 공격 속도"
"Disciple of the Slaughter","학살 신봉자"
"Stun Duration per Endurance Charge","인내 충전 하나당 기절 지속시간"
"Area of Effect per Endurance Charge","인내 충전 하나당 효과 범위"
"Disciple of the Unyielding","완고한 신봉자"
"Frenzy and Endurance Charge Mastery","격분 및 인내 충전 숙련"
"Projectile Attack Damage","투사체 공격 피해"
"Projectile Attack Damage and Speed","투사체 공격 피해 및 속도"
"Projectile Speed and Attack Damage","투사체 속도 및 공격 피해"
"Longshot","원거리 사격"
"Projectile Attack Mastery","투사체 공격 숙련"
"Utmost Swiftness","극에 이른 속도"
"Utmost Might","극에 이른 힘"
"Axe Damage and Accuracy","도끼 피해 및 정확도"
"Harvester of Foes","적병 수확자"
"Axe Damage and Critical Strike Chance","도끼 피해 및 치명타 확률"
"Feller of Foes","적병 벌목자"
"Mace Damage and Accuracy","철퇴 피해 및 정확도"
"Mace Accuracy and Attack Speed","철퇴 정확도 및 공격 속도"
"Bludgeon Blitz","몽둥이 공세"
"Mace Damage and Critical Strike Multiplier","철퇴 피해 및 치명타 피해 배율"
"Mace Damage and Critical Strike Chance","철퇴 피해 및 치명타 확률"
"Blacksmith's Clout","대장장이의 일격"
"Spinecruncher","척추 접기"
"Sword Damage and Area of Effect","검 피해 및 효과 범위"
"Bladedancer","검의 무희"
"Two Handed Melee Damage and Stun Duration","양손 근접 피해 및 기절 지속시간"
"Two Handed Melee Damage and Reduced Enemy Stun Threshold","양손 근접 피해 및 적 기절 한계치 감소"
"Kinetic Impacts","역학 충격"
"Shield Damage and Defences","방패 피해 및 방어력"
"Shield Damage and Block","방패 피해 및 막기"
"Aggressive Bastion","공격적인 보루"
"Staff Damage and Block","지팡이 피해 및 막기"
"Staff Damage and Armour","지팡이 피해 및 방어도"
"Steelwood Stance","강철목 자세"
"Cursed Concoction","저주받은 혼합물"
"Mana and Spell Damage","마나 및 주문 피해"
"Prodigal Perfection","사치스러운 마무리"
"Mana and Spell Block","마나 및 주문 막기"
"Mystic Bulwark","신비한 방벽"
"Golem Life and Buff Effect","골렘 생명력 및 버프 효과"
"Golem Commander","골렘을 부리는 자"
"Mana Flasks and Flask Duration","마나 플라스크 및 플라스크 지속 시간"
"Aqueous Accelerant","수성 촉매제"
"Mine Damage and Area of Effect","지뢰 피해 및 효과 범위"
"Blast Waves","폭발의 물결"
"Efficient Explosives","효율적인 폭발물"
"Dire Torment","지독한 고통"
"Critical Ailment Damage Over Time Multiplier","치명적인 상태 이상의 지속 피해 배율"
"Spell Critical Strike Chance and Critical Ignite Damage Multiplier","주문 치명타 확률 및 치명타 점화 피해 배율"
"Searing Heat","이글거리는 열기"
"Way of the Warrior","전사의 길"
"Transcendence","초월"
"Hardened Scars","굳어진 흉터"
"Cleansed Thoughts","정화된 생각"
"Aspect of Stone","돌의 위상"
"Deadly Inclinations","치명적인 의지"
"Mystic Talents","신비한 재능"
"Thunderous Salvos","천둥 치는 사격"
"Vengeant Cascade","빗발치는 응징"
"Tribal Fury","부족의 광분"
"Tenacity","참을성"
"Tranquility","고요함"
"Crusader","십자군"
"Physical Attack Damage, Warcry Speed","물리 공격 피해, 함성 속도"
"Life Regeneration, Endurance Charge on Kill","생명력 재생, 처치 시 인내 충전"
"Life Regeneration, Area of Effect","생명력 재생, 효과 범위"
"Position Proxy","위치 대행"
"Small Jewel Socket","소형 주얼 슬롯"
"Medium Jewel Socket","중형 주얼 슬롯"
"Elemental Damage and Ailment Effect","원소 피해 및 상태 이상 효과"
"Large Jewel Socket","대형 주얼 슬롯"
"Persistence","지속성"
"Totem Attack and Cast Speed, Brand Cast Speed","토템 공격 및 시전 속도, 낙인 시전 속도"
"Basic Jewel Socket","기본 주얼 슬롯"
"Exerted Attack Damage","전력 공격 피해"
"Warcry Cooldown Recovery","함성 재사용 대기시간 회복"
"Warcry Speed and Exerted Attack Damage","함성 속도 및 전력 공격 피해"
"Escalation","격화"
"Warcry Mastery","함성 숙련"
"Staff Elemental Damage and Penetration","지팡이 원소 피해 및 관통"
"Impale Effect with Two Handed Weapons","양손 무기 사용 시 꿰뚫기 효과"
"Impale Duration and Chance with Two Handed Weapons","양손 무기 사용 시 꿰뚫기 효과 및 확률"
"Harpooner","작살꾼"
"Warcry Speed and Duration","함성 속도 및 지속시간"
"Warcry Cooldown Recovery and Duration","함성 재사용 대기시간 회복 및 지속시간"
"Warcry Speed and Area of Effect","함성 속도 및 효과 범위"
"Warcry Cooldown Recovery and Area of Effect","함성 재사용 대기시간 회복 및 효과 범위"
"Natural Authority","타고난 권위"
"Channelling Damage and Infusion Effect","집중 유지 피해 및 주입 효과"
"Strikes Mastery","Strikes Mastery"
"Melee Damage and Strike Range","근접 피해 및 타격 범위"
"Melee Damage and Splash Area of Effect","근접 피해 및 범위 피해 효과 범위"
"Staff Damage, Stun Duration and Block","지팡이 피해, 기절 지속시간 및 막기"
"Staff Damage, Armour and Stun Threshold","지팡이 피해, 방어도 및 기절 한계치"
"Mace Critical Strike Multiplier","철퇴 치명타 피해 배율"
"Fire Damage and Area of Effect","화염 피해 및 효과 범위"
"Fire Damage and Cast Speed","화염 피해 및 시전 속도"
"Chance to Ignite and Ignite Speed","점화 확률 및 점화 속도"
"Armour and Life","방어도 및 생명력"
"Deep Breaths","심호흡"
"Totem Attack and Cast Speed","토템 공격 및 시전 속도"
"Totem Damage and Placement Speed","토템 피해 및 설치 속도"
"Totem Life, Duration and Elemental Resistances","토템 생명력, 지속시간 및 원소 저항"
"Totem Life, Duration and Physical Damage Reduction","토템 생명력, 지속시간 및 물리 피해 감소"
"Cold Damage and Cold Ailment Effect","냉기 피해와 냉기 상태 이상 효과"
"Lightning Damage and Lightning Ailment Effect","번개 피해와 번개 상태 이상 효과"
"Bannerman","기수"
"Aura Duration","오라 지속시간"
"Chill and Freeze Resistance","냉각 및 동결 저항"
"Ignite Resistance","점화 저항"
"Shock Resistance","감전 저항"
"Anointed Flesh","기름 부은 살"
"Chaos Damage and Withered Expiry Rate","카오스 피해 및 위축 만료 속도"
"Chaos Damage Penetration","카오스 피해 관통"
"Wand Elemental Damage and Penetration","마법봉 원소 피해 및 관통"
"Combat Control","전투 통제"
"Mana and Guard Skill Duration","마나 및 수호 스킬 지속시간"
"Mana and Guard Skill Cooldown Recovery","마나 및 수호 스킬 재사용 대기시간 회복"
"Seal Generation Speed","봉인 생성 속도"
"Bleed Damage and Chance","출혈 피해 및 확률"
"Curse and Power Charge Mastery","Curse and Power Charge Mastery"
"Faster Doom Gain","멸망 획득 속도 증가"
"Admonisher","꾸짖는 자"
"Warcry Speed","함성 속도"
"Warcry Speed and Cooldown Recovery","함성 속도 및 재사용 대기시간 회복"
"Axe Damage and Accuracy, Impale Chance","도끼 피해 및 정확도, 꿰뚫기 확률"
"Mana Regeneration and Increased Mana Cost","마나 재생 및 마나 소모 증가"
"Forethought","원려"
"Mana Regeneration and Reduced Mana Cost","마나 재생 및 마나 소모 감소"
"Mana Cost Mastery","Mana Cost Mastery"
"Attack Speed and Rage","공격 속도 및 격노"
"Damage against Cursed Enemies","저주받은 적에 대한 피해"
"Reduced Mana Reservation of Curse Skills","저주 스킬의 마나 점유 감소"
"Warcry Cooldown Recovery and Exerted Attack Damage","함성 재사용 대기시간 회복 및 전력 공격 피해"
"Measured Fury","계획적인 광분"
"Physical Damage and Reflect Damage Taken","물리 피해 및 받는 피해 반사"
"Risk Awareness","위험에 대한 각오"
"Totem Damage and Attack Speed","토템 피해 및 공격 속도"
"Surveillance","파수"
"Panopticon","원형 감옥"
"Totem Life and Physical Damage Reduction","토템 생명력 및 물리 피해 감소"
"Fire Damage, Ignite Chance and Ignite Duration","화염 피해, 점화 확률 및 점화 지속시간"
"Two Handed Melee Accuracy","양손 근접 정확도"
"Mana and Aura Area of Effect","마나 및 오라 효과 범위"
"Brand Duration","낙인 지속시간"
"Brand Equity","낙인 형평성"
"Brand Recall Cooldown Recovery","낙인 소환 재사용 대기시간 회복"
"Guard Skill Cooldown Recovery and Duration","수호 스킬 재사용 대기시간 회복 및 지속시간"
"Avoid Interruption while Casting, Strength and Dexterity","시전하는 동안 방해 회피, 힘 및 민첩성"
"Lightning Damage and Lightning Ailment Duration","번개 피해와 번개 상태 이상 효과 지속 시간"
"Damage while you have a Herald","전령이 있는 동안 피해"
"Herald Buff Effect","전령 버프 효과"
"Herald Mastery","Herald Mastery"
"Discord Artisan","불화의 장인"
"Reduced Mana Reservation of Heralds","전령 스킬의 마나 점유 감소"
"Duration Mastery","지속시간 숙련"
"Reduced Skill Duration","스킬 지속시간 감소"
"Window of Opportunity","기회의 창"
"Cold Damage, Cold Ailment Duration","냉기 피해, 냉기 상태 이상 지속시간"
"Cold Damage, Cold Damage Over Time Multiplier, Cold Ailment Effect","냉기 피해, 지속 냉기 피해 배율 및 냉기 상태 이상 효과"
"Gladiatoral Combat","검투사의 전투"
"Wand Damage and Attack Speed","마법봉 피해 및 공격 속도"
"Stance Skill Cooldown Recovery","태세 스킬 재사용 대기시간 회복"
"Area of Effect in Sand Stance and Damage in Blood Stance","모래 태세의 효과 범위와 핏빛 태세의 피해"
"Versatile Stance","만능 태세"
"Two Handed Melee Critical Strike Multiplier and Accuracy","양손 근접 치명타 피해 배율 및 정확도"
"Elemental Damage and Reflect Damage Taken","원소 피해 및 받는 피해 반사"
"Exposure Tolerance","노출 내성"
"Shield Block","방패 막기"
"Shock Chance and Lightning Ailment Effect","감전 확률과 번개 상태 이상 효과"
"Shock Chance, Lightning Ailment Effect and Duration","감전 확률, 번개 상태 이상 효과 및 지속시간"
"Axe Attack Speed and Rage","도끼 공격 속도 및 격노"
"Physical Bow Damage, Chance to Bleed and Faster Bleed","활 물리 피해, 출혈 확률 및 출혈 가속"
"Sword Damage and Melee Range","검 피해 및 근접 범위"
"Damage if Consumed a Corpse","시신 소모 시 피해"
"Corpse Life","시신의 삶"
"Corpses Mastery","시신 숙련"
"Undertaker","장의사"
"Weapon Fire Damage and Ignite Chance","무기 화염 피해 및 점화 확률"
"Weapon Fire Damage, Ignite Duration and Ignite Chance","무기 화염 피해 및 점화 지속시간, 점화 확률"
"Weapon Fire Damage and Burning Damage Multiplier","무기 화염 피해 및 화상 피해 배율"
"Ignite Attacks Mastery","Ignite Attacks Mastery"
"Burning Brutality","불타는 포악함"
"Area Spells Mastery","범위 주문 숙련"
"Intensity","격렬함"
"Damage against Marked Enemy","징표 찍힌 적에 대한 피해"
"Marked for Death","죽음의 징표"
"Lightning Damage and Cast Speed","번개 피해 및 시전 속도"
"Chaos Damage Over Time Multiplier","지속 카오스 피해 배율"
"Brand Damage and Cast Speed","낙인 피해 및 시전 속도"
"Brand Damage and Duration","낙인 피해 및 지속시간"
"Brand Range and Brand Recall Cooldown Recovery","낙인 범위 및 낙인 소환 재사용 대기시간 회복"
"Life and Elemental Ailment Avoidance","생명력 및 원소 상태 이상 긴급회피"
"Chance to Poison and Poison Damage Multiplier","중독 확률 및 중독 피해 배율"
"Chance to Poison with Spells","주문의 중독 확률"
"Poison Damage and Cast Speed","중독 피해 및 시전 속도"
"Poison Damage Multiplier with Spells","주문 중독 피해 배율"
"Serpentine Spellslinger","구불거리는 주문투척"
"Bow Attack Speed and Accuracy","활 공격 속도 및 정확도"
"One Handed Damage","한손 피해"
"Elemental Resistance with Shields and Shield Defences","방패의 원소 저항 및 방패 방어력"
"Critical Strike Chance against Marked Enemy","징표가 찍힌 적에 대한 치명타 확률"
"Marked Enemy Reduced Accuracy","징표가 찍힌 적의 정확도 감소"
"Mark the Prey","사냥감 징표 찍기"
"Mark Mastery","징표 숙련"
"Adjacent Animosity","근처의 적개심"
"Weapon Lightning Damage and Lightning Ailment Effect","무기 번개 피해와 번개 상태 이상 효과"
"Weapon Lightning Damage and Shock Chance","무기 번개 피해 및 감전 확률"
"Shocking Strikes","감전 타격"
"Bow Damage, Chance to Poison and Faster Poison","활 피해, 중독 확률 및 중독 가속"
"Evasion and Elusive Effect","회피 및 도피 효과"
"No Witnesses","목격자 없음"
"Shield Cast Speed","방패 시전 속도"
"Poison Chance","중독 확률"
"Poison Damage and Chance","중독 피해 및 확률"
"Poison Damage","중독 피해"
"Claw Accuracy and Critical Strike Multiplier","클로 정확도 및 치명타 피해 배율"
"Cold Damage, Freeze Chance, Cold Ailment Effect","냉기 피해, 동결 확률 및 냉기 상태 이상 효과"
"Cold Damage, Cold Ailment Effect and Duration","냉기 피해, 냉기 상태 이상 효과 및 지속시간"
"Totem Critical Strike Chance and Multiplier","토템 치명타 확률 및 배율"
"Totem Attack and Placement Speed","토템 공격 및 설치 속도"
"Watchtowers","감시 포탑"
"Sword Damage and Block","검 피해 및 막기"
"Trick Shot","기교 사격"
"Split Shot","분할 사격"
"Projectile Damage and Forking Angle","투사체 피해 및 갈래 각도"
"Projectile Damage and Pierce","투사체 피해 및 관통"
"Damage for Chaining Hits and Chain Distance","연쇄 명중 피해 및 연쇄 거리"
"Projectile Damage and Chance for Extra Fork Projectile","투사체 피해 및 추가 갈래 투사체"
"Projectile Damage per Enemy Pierced","관통한 적 하나당 투사체 피해"
"Prodigious Defence","비범한 방어"
"Advance Guard","선발대"
"Gladiatorial Combat","검투사의 전투"
"Strike Leader","타격대장"
"Powerful Ward","강력한 수호"
"Enduring Ward","지속되는 수호"
"Gladiator's Fortitude","검투사의 기백"
"Precise Retaliation","정확한 보복"
"Veteran Defender","노련한 방어"
"Iron Breaker","무쇠 분쇄기"
"Deep Cuts","깊은 상처"
"Master the Fundamentals","기본기의 달인"
"Force Multiplier","전력 배가"
"Furious Assault","분개한 공격"
"Vicious Skewering","포악한 꿰기"
"Grim Oath","엄숙한 서약"
"Battle-Hardened","전투 단련"
"Replenishing Presence","차오르는 존재감"
"Master of Command","지휘의 달인"
"First Among Equals","평등한 지도자"
"Purposeful Harbinger","단호한 선구자"
"Precise Commander","세심한 지휘관"
"Pure Commander","타고난 지휘관"
"Stalwart Commander","건장한 지휘관"
"Vengeful Commander","복수의 지휘관"
"Skullbreaker","해골 분쇄자"
"Pressure Points","급소"
"Overwhelming Malice","압도적인 악의"
"Magnifier","확대경"
"Savage Response","야만적인 응답"
"Eye of the Storm","태풍의 눈"
"Basics of Pain","고통의 밑바닥"
"Quick Getaway","신속한 도주"
"Assert Dominance","지배력 행사"
"Vast Power","광대한 권능"
"Powerful Assault","강력한 공격"
"Titanic Swings","거대한 휘두르기"
"Towering Threat","맹렬한 위협"
"Ancestral Echo","선대의 메아리"
"Ancestral Reach","선대의 능력"
"Ancestral Might","선대의 완력"
"Ancestral Preservation","선대의 보전"
"Snaring Spirits","꾀어내는 혼"
"Sleepless Sentries","쉬지 않는 보초"
"Ancestral Guidance","선대의 인도"
"Ancestral Inspiration","선대의 영감"
"Vital Focus","필수적인 집중"
"Rapid Infusion","신속한 주입"
"Unwavering Focus","변함없는 집중"
"Enduring Focus","지속되는 집중"
"Precise Focus","틀림없는 집중"
"Stoic Focus","엄격한 집중"
"Hex Breaker","사술 파괴자"
"Arcane Adept","비전 권위자"
"Distilled Perfection","응축된 완벽"
"Spiked Concoction","약을 탄 물약"
"Fasting","금식"
"Mender's Wellspring","땜장이의 원천"
"Special Reserve","특별한 점유"
"Numbing Elixir","마비의 묘약"
"Mob Mentality","집단 사고"
"Cry Wolf","양치기 소년"
"Haunting Shout","소름 돋는 비명"
"Lead By Example","솔선수범"
"Provocateur","선동가"
"Warning Call","경고 신호"
"Rattling Bellow","기운찬 고함"
"Bloodscent","혈향"
"Run Through","달음박질"
"Wound Aggravation","상처 악화"
"Overlord","대군주"
"Expansive Might","팽창하는 힘"
"Weight Advantage","중량의 우위"
"Wind-up","마무리 일격"
"Fan of Blades","칼날 부채"
"Disease Vector","질병 매개"
"Arcing Shot","전호 사격"
"Tempered Arrowheads","단조한 화살촉"
"Broadside","측면 공격"
"Explosive Force","폭발력"
"Opportunistic Fusilade","우발적 연속 공격"
"Storm's Hand","태풍의 손"
"Battlefield Dominator","전장의 지배자"
"Martial Mastery","무예 통달"
"Surefooted Striker","굳건한 공격"
"Graceful Execution","품위 있는 처형"
"Brutal Infamy","잔인한 악명"
"Fearsome Warrior","무시무시한 전사"
"Combat Rhythm","전투 리듬"
"Hit and Run","치고 빠지기"
"Insatiable Killer","만족을 모르는 살인자"
"Mage Bane","마법사의 파멸"
"Martial Momentum","전투 기세"
"Deadly Repartee","신랄한 말재간"
"Quick and Deadly","빠르고 치명적"
"Smite the Weak","약자 징벌"
"Heavy Hitter","묵직한 타격가"
"Martial Prowess","무예 기량"
"Calamitous","환란"
"Devastator","파괴자"
"Fuel the Fight","전투 장려"
"Drive the Destruction","파괴의 원동력"
"Feed the Fury","광분 조장"
"Seal Mender","봉인 땜질"
"Conjured Wall","상상의 벽"
"Arcane Heroism","비전 영웅"
"Practiced Caster","숙련된 시전자"
"Burden Projection","괴로운 예감"
"Thaumophage","마석 항체"
"Essence Rush","정수의 습격"
"Sap Psyche","무너지는 영체"
"Sadist","가학 성애자"
"Corrosive Elements","부식성 원소"
"Doryani's Lesson","도리아니의 교훈"
"Disorienting Display","혼란스러운 과시"
"Prismatic Heart","분광 심장"
"Widespread Destruction","광범위 파괴"
"Master of Fire","불의 주인"
"Smoking Remains","그을린 유해"
"Cremator","소각로"
"Snowstorm","눈 태풍"
"Storm Drinker","태풍 흡수자"
"Paralysis","마비"
"Supercharge","초과 충전"
"Blanketed Snow","내려앉은 눈"
"Cold to the Core","파고드는 추위"
"Cold-Blooded Killer","냉혹한 살해자"
"Touch of Cruelty","잔혹한 손길"
"Unwaveringly Evil","변함없는 악"
"Unspeakable Gifts","형언불가"
"Dark Ideation","음울한 관념"
"Unholy Grace","불경한 은총"
"Wicked Pall","사악한 휘장"
"Renewal","새로운 시작"
"Raze and Pillage","파괴와 약탈"
"Rotten Claws","썩은 발톱"
"Call to the Slaughter","살육자 호출"
"Skeletal Atrophy","해골의 위축"
"Hulking Corpses","육중한 시신"
"Vicious Bite","포악한 이빨"
"Primordial Bond","태고의 유대"
"Blowback","역류"
"Fan the Flames","불난 집 부채질"
"Cooked Alive","기진맥진"
"Burning Bright","불타는 광채"
"Wrapped in Flame","휘감은 화염"
"Vivid Hues","선명한 빛깔"
"Rend","산산조각"
"Disorienting Wounds","혼란스러운 상처"
"Compound Injury","복합 부상"
"Septic Spells","부패성 주문"
"Low Tolerance","낮은 역치"
"Steady Torment","꾸준한 격통"
"Eternal Suffering","영원한 괴로움"
"Eldritch Inspiration","섬뜩한 영감"
"Wasting Affliction","쓸모없는 고통"
"Haemorrhage","실혈"
"Flow of Life","생의 흐름"
"Exposure Therapy","노출 치료"
"Brush with Death","스치는 죽음"
"Vile Reinvigoration","끔찍한 재활"
"Circling Oblivion","돌고 도는 망각"
"Brewed for Potency","잠재력 발산"
"Astonishing Affliction","경이적인 고통"
"Cold Conduction","냉기 전도"
"Inspired Oppression","탁월한 억압"
"Chilling Presence","차가운 존재"
"Deep Chill","짙은 오한"
"Blast-Freeze","폭발-동결"
"Thunderstruck","벼락 직격"
"Stormrider","태풍의 기수"
"Overshock","과충격"
"Evil Eye","사악한 눈"
"Whispers of Death","죽음의 속삭임"
"Forbidden Words","금지된 어록"
"Dark Discourse","어둠의 설교"
"Victim Maker","제물 제조기"
"Master of Fear","두려움의 주인"
"Wish for Death","죽음 갈망"
"Heraldry","문장학"
"Endbringer","종말 인도자"
"Cult-Leader","교주"
"Empowered Envoy","전권 대사"
"Dark Messenger","어둠 전달자"
"Agent of Destruction","파괴의 요원"
"Lasting Impression","불변하는 인상"
"Self-Fulfilling Prophecy","자기 실현적 예언"
"Invigorating Portents","상쾌한 조짐"
"Pure Agony","순수한 고통"
"Disciples","신봉자"
"Dread March","공포의 행진"
"Blessed Rebirth","신성한 부활"
"Life from Death","죽음에서 피어난 삶"
"Feasting Fiends","연회의 마귀"
"Bodyguards","호위병"
"Follow-Through","마무리 작업"
"Streamlined","간소화"
"Shrieking Bolts","효시"
"Eye to Eye","눈에는 눈"
"Repeater","연발"
"Aerodynamics","공기 역학"
"Chip Away","누그러짐"
"Seeker Runes","탐색자의 룬"
"Remarkable","비범함"
"Brand Loyalty","충성의 방향"
"Holy Conquest","신성한 점령"
"Grand Design","위대한 설계"
"Set and Forget","자동 수행"
"Expert Sabotage","본격적인 방해"
"Guerilla Tactics","유격 전술"
"Expendability","소모성"
"Arcane Pyrotechnics","비전 불꽃"
"Surprise Sabotage","기습적인 방해"
"Careful Handling","세심한 취급"
"Peak Vigour","절정의 활기"
"Fettle","원기"
"Sublime Sensation","숭고한 감각"
"Surging Vitality","솟구치는 활력"
"Peace Amidst Chaos","망중한"
"Adrenaline","아드레날린"
"Wall of Muscle","근육 벽"
"Mindfulness","열린 사고"
"Liquid Inspiration","흐르는 영감"
"Openness","진솔함"
"Daring Ideas","대담한 사고"
"Clarity of Purpose","명료한 목적"
"Scintillating Idea","번득이는 사고"
"Holistic Health","총체적 건강"
"Genius","천재"
"Improvisor","임시변통"
"Stubborn Student","완고한 연구자"
"Savour the Moment","찰나의 음미"
"Energy From Naught","무한 동력"
"Will Shaper","의지 형성자"
"Spring Back","재주 넘기"
"Conservation of Energy","에너지 보존"
"Heart of Iron","무쇠 심장"
"Prismatic Carapace","분광 등딱지"
"Militarism","상무 정신"
"Second Skin","덧씌운 피부"
"Dragon Hunter","용 사냥꾼"
"Enduring Composure","지속되는 평정"
"Prismatic Dance","분광의 춤"
"Natural Vigour","자연의 활력"
"Untouchable","무적의"
"Shifting Shadow","변화하는 그림자"
"Readiness","준비 태세"
"Confident Combatant","대담한 전투원"
"Flexible Sentry","유순한 보초"
"Vicious Guard","포악한 방어"
"Mystical Ward","신비한 수호"
"Rote Reinforcement","암기 강화"
"Mage Hunter","마법사 사냥꾼"
"Riot Queller","폭동 진압자"
"One with the Shield","방패 소지"
"Aerialist","공중 곡예"
"Elegant Form","고상한 형태"
"Darting Movements","쏜살같은 이동"
"Molten One's Mark","녹아내린 신의 징표"
"Fire Attunement","불의 조율"
"Pure Might","타고난 힘"
"Blacksmith","대장장이"
"Non-Flammable","내화성"
"Winter Prowler","겨울 배회자"
"Hibernator","동면"
"Pure Guile","타고난 교활함"
"Alchemist","연금술사"
"Antifreeze","동결 방지"
"Wizardry","기묘한 마법"
"Capacitor","축전기"
"Pure Aptitude","타고난 재능"
"Sage","현자"
"Insulated","격리 상태"
"Born of Chaos","혼돈의 탄생"
"Antivenom","독소 방지"
"Rot-Resistant","부식 저항"
"Blessed","축성"
"Student of Decay","부패 연구자"
"Lord of Drought","가뭄의 군주"
"Blizzard Caller","눈보라 소환사"
"Tempt the Storm","태풍 유혹"
"Misery Everlasting","영원히 계속되는 불행"
"Exploit Weakness","약점 이용"
"Self-Control","자기 절제"
"Uncompromising","타협 불가"
"Sublime Form","숭고한 형상"
"Summer Commander","여름 지휘관"
"Winter Commander","겨울 지휘관"
"Grounded Commander","Grounded Commander"
"Attack Damage Mastery","공격 피해 숙련"
"Spell Damage Mastery","주문 피해 숙련"
"Physical Damage Mastery","물리 피해 숙련"
"Chaos Damage Mastery","카오스 피해 숙련"
"Physical Damage over Time Multiplier","지속 물리 피해 배율"
"Damage over Time Multiplier","Damage over Time Multiplier"
"Damage over Time Multiplier Mastery","지속 피해 배율 숙련"
"Projectile Damage Mastery","투사체 피해 숙련"
"Trap and Mine Damage Mastery","덫과 지뢰 피해 숙련"
"Instruments of Zeal","열의의 도구"
"Armour, Life Regeneration","방어도, 생명력 재생"
"Mana Regeneration, Arcane Surge Effect","마나 재생, 비전 쇄도 효과"
"Energy Shield, Chaos Damage","에너지 보호막, 카오스 피해"
"Energy Shield, Cold Damage","에너지 보호막, 냉기 피해"
"Blade Sovereign","칼날의 통치"
"Call of Steel Speed and Area","강철의 부름 속도 및 범위"
"Hex Area of Effect and Faster Doom Gain","사술 효과 범위, 멸망 획득 속도 증가"
"Heart of Destruction","파괴의 심장"
"Bastion of Elements","원소의 보루"
"Elemental Damage, Fire Damage over Time Multiplier","원소 피해, 지속 화염 피해 배율"
"Elemental Damage, Lightning Ailment Effect","원소 피해, 번개 상태 이상 효과"
"Elemental Damage, Cold Ailment Effect","원소 피해, 냉기 상태 이상 효과"
"Shaper of Flames","화염의 형성자"
"Shaper of Storms","폭풍의 형성자"
"Shaper of Winter","겨울의 형성자"
"Armour and Evasion, Impale Chance","방어도 및 회피, 꿰뚫기 확률"
"Armour and Evasion, Fortify Effect","방어도 및 회피, 방어 상승 효과"
"Critical Strike Chance, Elusive Effect","치명타 확률, 도피 효과"
"Flask Effect, Poison Duration","플라스크 효과, 중독 지속시간"
"Attack and Cast Speed, Damage","공격 및 시전 속도, 피해"
"Evasion, Onslaught Effect","회피, 맹공 효과"
"Projectile Damage, Mark Cast Speed","투사체 피해, 징표 시전 속도"
"Rupturing","파열의 힘"
"Projectile Damage, Mirage Archer Duration","투사체 피해, 신기루 궁수 지속시간"
"Occupying Force","점령군"
"Projectile Damage, Projectile Speed","투사체 피해, 투사체 속도"
"Focal Point","집중점"
"Wind Ward","바람 수호"
"Flask Charges Gained","플라스크 충전 획득"
"Reduced Reservation","점유 감소"
"Physical Damage and Strength","물리 피해 및 힘"
"Mine Damage and Reduced Reservation","지뢰 피해 및 점유 감소"
"Axe and Sword Mastery","Axe and Sword Mastery"
"Dual Wield Mastery","Dual Wield Mastery"
"Flask Mastery","플라스크 숙련"
"Life and Reduced Cost","생명력 및 소모 감소"
"Attack Damage while Fortified and Fortify Duration","방어 상승 상태에서 공격 피해, 방어 상승 지속 시간"
"Physical Damage, Life Leeched per Second","물리 피해, 초당 생명력 흡수"
"Physical Damage, Critical Strike Chance","물리 피해, 치명타 확률"
"Physical Damage, Attack Speed","물리 피해, 공격 속도"
"Physical Damage, Warcry Speed","물리 피해, 함성 속도"
"Defy Pain","고통 무시"
"Evasion, Elemental Damage","회피, 원소 피해"
"Armour and Evasion, Attack Damage while Fortified","방어도 및 회피, 방어 상승 상태에서 공격 피해"
"Damage with Life Cost Skills","생명력 소모 스킬로 피해"
"Damage with Life Cost Skills and Reduced Life Cost","생명력 소모 스킬로 피해 및 생명력 소모 감소"
"Cannibalistic Rite","식인 의식"
"Physical and Minion Damage","물리 및 소환수 피해"
"Melee Damage while Fortified","방어 상승 상태에서 근접 피해"
"Armour while Fortified","방어 상승 상태에서 방어도"
"Rage Mastery","Rage Mastery"
"Reduced Reservation of Heralds","전령의 점유 감소"
"Stance Skill Reservation","태세 스킬 점유"
"Reduced Reservation of Curse Skills","저주 스킬의 점유 감소"
"Physical Damage and Overwhelm","물리 피해 및 압도"
"Vanquisher","격퇴자"
"Relentless","집요"
"Physical Damage and Physical Damage Over Time Multiplier","물리 피해 및 지속 물리 피해 배율"
"Veteran Soldier","역전 용사"
"Curse Effect on You and Consecrated Ground Effect","플레이어에게 저주 효과, 신성화 지대 효과"
"Asylum","보호소"
"Careful Conservationist","철저한 보호론자"
"Flask Effect Duration","플라스크 효과 지속시간"
"Flask Charges Used","플라스크 충전 사용"
"Natural Remedies","자연 요법"
"Blood Artist","피 예술가"
"Phlebotomist","사혈자"
"Tireless Soldier","Tireless Soldier"
"Blood Oath","Blood Oath"
"Thirst for Battle","Thirst for Battle"
"Veinslicer","Veinslicer"
"Murderous Intent","Murderous Intent"
"Arcane Recovery","Arcane Recovery"
"Moment's Respite","Moment's Respite"
"Shavronne's Secret","Shavronne's Secret"
"Implacable","Implacable"
"Agile Combatant","Agile Combatant"
"Getaway Gambit","Getaway Gambit"
"Perpetual Motion","Perpetual Motion"
"Thought Barrier","Thought Barrier"
"Sharp Intellect","Sharp Intellect"
"Waking Dream","Waking Dream"
"Gargantuan Impacts","Gargantuan Impacts"
"Vicious Bloodletter","Vicious Bloodletter"
"Lifelong Warrior","Lifelong Warrior"
"Triad Torments","Triad Torments"
"Way of the Blade","Way of the Blade"
"Reckless Assault","Reckless Assault"
"Brutal Skewering","Brutal Skewering"
"Martyr's Legacy","Martyr's Legacy"
"Dynamism","Dynamism"
"Energy Well","Energy Well"
"Apprentice Battlemage","Apprentice Battlemage"
"Elemental Adept","Elemental Adept"
"Black Thumb","Black Thumb"
"Debilitating Energy","Debilitating Energy"
"Blurred Form","Blurred Form"
"Reigning Champion","Reigning Champion"
"Personal Combat","Personal Combat"
"Pride of the Arena","Pride of the Arena"
"Expert Fencer","Expert Fencer"
"Arrow to the Face","Arrow to the Face"
"Arrowstorm","Arrowstorm"
"Venomous Ire","Venomous Ire"
"Accelerated Volley","Accelerated Volley"
"Born for the Hunt","Born for the Hunt"
"Distant Snipe","Distant Snipe"
"Colossal Arrows","Colossal Arrows"
"Spined Arrows","Spined Arrows"
"Feathered Arrows","Feathered Arrows"
"Orchestral Chant","Orchestral Chant"
"Prestidigitation","Prestidigitation"
"Spellmaster","Spellmaster"
"One Man Leaves","One Man Leaves"
"Eyestabber","Eyestabber"
"Bloody Vengeance","Bloody Vengeance"
"Heart Eater","Heart Eater"
"Mystical Expansion","Mystical Expansion"
"Defensive Arts","Defensive Arts"
"Classic Wizardry","Classic Wizardry"
"Vitality Draughts","Vitality Draughts"
"Spirit Draughts","Spirit Draughts"
"Punishing Gale","Punishing Gale"
"Forceful Circuit","Forceful Circuit"
"Fanned Flames","Fanned Flames"
"Machinist's Guarantee","Machinist's Guarantee"
"Unstable Mechanisms","Unstable Mechanisms"
"Swiftfooted","Swiftfooted"
"Element of Surprise","Element of Surprise"
"Pernicious Infusion","Pernicious Infusion"
"Excessive Cruelty","Excessive Cruelty"
"Path to Power","Path to Power"
"Shieldbashing","Shieldbashing"
"Shieldbearer","Shieldbearer"
"Volcanic Blood","Volcanic Blood"
"Heavy Combat","Heavy Combat"
"Deadly Dance","Deadly Dance"
"Twin Savagery","Twin Savagery"
"Draining Glare","Draining Glare"
"Thrill of the Kill","Thrill of the Kill"
"Acquired Tolerance","Acquired Tolerance"
"Lingering Toxins","Lingering Toxins"
"Well-travelled Warrior","Well-travelled Warrior"
"Hardheaded","Hardheaded"
"Sly Shot","Sly Shot"
"Icebind","Icebind"
"Unbearable Agony","Unbearable Agony"
"Wildfire Emissary","Wildfire Emissary"
"Coalwalker","Coalwalker"
"Storm Ritual","Storm Ritual"
"Winter Hunt","Winter Hunt"
"Dogged Refusal","Dogged Refusal"
"Constant Overcharge","Constant Overcharge"
"Head Smasher","Head Smasher"
"Helmet Crusher","Helmet Crusher"
"Skilled Poacher","Skilled Poacher"
"Frenetic Fighter","Frenetic Fighter"
"Indomitable Warrior","Indomitable Warrior"
"Intellectual Defence","Intellectual Defence"
"Endless Endurance","Endless Endurance"
"Master of the Storm","Master of the Storm"
"Cruel Voltage","Cruel Voltage"
"Master of Immolation","Master of Immolation"
"Master of Winter","Master of Winter"
"The Untouchable","The Untouchable"
"Staff Block","지팡이 막기"
"Elemental Resistances with a Shield","방패의 원소 저항"
"Spiked Bulwark","가시 방벽"
"Elemental Resistances","원소 저항"
"Shock Chance","감전 확률"
"Dagger Critical Strike Multiplier","단검 치명타 피해 배율"
"Dagger Critical Strike Chance and Leech","단검 치명타 확률 및 흡수"
"Minion Resistances","소환수 저항"
"Wand Lightning Damage","마법봉 번개 피해"
"Freeze Chance","동결 확률"
"Burning Damage Multiplier","화상 피해 배율"
"Cold Damage and Freeze Chance","냉기 피해 및 동결 확률"
"Cold Ailment Duration","냉기 상태 이상 지속시간"
"Vampirism","흡혈"
"One With Nature","자연과의 일체화"
"Life Raker","생명 채집자"
"Intuition","직관"
"Physical Bow Damage and Stun Threshold","활 물리 피해 및 기절 한계치"
"Bow Damage Over Time","활 지속 피해"
"Poison Chance and Damage","중독 확률 및 피해"
"Evasion and Spell Suppression","회피 및 주문 억제"
"Life and Stun Avoidance","생명력 및 기절 긴급회피"
"Mana and Flask Charges Gained","마나 및 플라스크 충전 획득"
"Shock Avoidance","감전 긴급회피"
"Ignite Avoidance","점화 긴급회피"
"Freeze and Chill Avoidance","동결 및 냉각 긴급회피"
"Projectile Damage and Accuracy","투사체 피해 및 정확도"
"Ballistics","탄도학"
"Accuracy and Attack Damage","정확도 및 공격 피해"
"Projectile Attack Critical Strike Chance","투사체 공격 치명타 확률"
"Projectile Attack Critical Strike Chance and Multiplier","투사체 공격 치명타 확률 및 배율"
"Spell Damage and Mana","주문 피해 및 마나"
"Movement Speed and Spell Suppression","이동 속도 및 주문 억제"
"Mana Regeneration","마나 재생"
"Presage","흉조"
"Shield Block and Elemental Resistances with a Shield","방패 막기 및 방패의 원소 저항"
"Sword Critical Strike Chance","검 치명타 확률"
"Savage Wounds","야만적인 상처"
"Dual Wield Block and Attack Speed","쌍수 막기 및 공격 속도"
"Ignite Chance and Duration","점화 확률 및 지속시간"
"Reservation Efficiency","점유 효율"
"Attack Ignite Chance and Attack Speed","공격 점화 확률 및 공격 속도"
"Trap Critical Strike Chance and Multiplier","덫 치명타 확률 및 배율"
"Energy Shield Recharge Rate","에너지 보호막 재충전 속도"
"Mine Detonation Speed","지뢰 폭파 속도"
"Trap Throwing Speed","덫 투척 속도"
"Essence Infusion","에센스 주입"
"One with Evil","악과의 일체화"
"Minion Block","소환수 막기"
"Minion Spell Block","소환수 주문 막기"
"Goliath","골리앗"
"Axe Damage and Impale Chance","도끼 피해 및 꿰뚫기 확률"
"Clever Thief","교묘한 도둑"
"Cold Ailment Effect","냉기 상태 이상 효과"
"Chance to Ignite","점화 확률"
"Lightning Ailment Effect","번개 상태 이상 효과"
"Avoid Interruption while Casting and Elemental Resistances","시전하는 동안 방해 회피, 원소 저항"
"Chance for Extra Fork Projectile","추가 갈래 투사체 확률"
"Avoid Status Ailments","상태 이상 회피"
"Master of Blades","칼날의 대가"
"Mana and Mana on Kill","마나 및 처치 시 마나"
"Thrill Killer","살인마"
"Claw Critical Strike Chance and Accuracy","클로 치명타 확률 및 정확도"
"Claw Critical Strike Chance","클로 치명타 확률"
"Claw Attack Speed","클로 공격 속도"
"Claw Ailment Damage and Poison Duration","클로 상태 이상 피해 및 중독 지속시간"
"Claw Ailment Damage and Poison Chance","클로 상태 이상 피해 및 중독 확률"
"Life Recoup","생명력 회생"
"Robust","왕성함"
"Shield Block and Elemental Resistances","방패 막기 및 원소 저항"
"Faster Bleeding","출혈 가속"
"Maximum Lightning Resistance","최대 번개 저항"
"Sword Critical Strike Multiplier","검 치명타 피해 배율"
"Sword Accuracy and Critical Strike Chance","검 정확도 및 치명타 확률"
"Mana on Hit","명중 시 마나"
"Attack Damage while Fortified","방어 상승 상태에서 공격 피해"
"Fortification Gain","방어 상승 획득"
"Explosive Elements","폭발 원소"
"Totem Critical Strike Chance","토템 치명타 확률"
"Totem Critical Strike Multiplier","토템 치명타 피해 배율"
"Ignite Chance","점화 확률"
"Reigning Veteran","지배적인 역전 용사"
"Heartstopper","심정지"
"Damage Over Time Multiplier and Life Regeneration","지속 피해 배율 및 생명력 재생"
"Poison Damage Multiplier","중독 피해 배율"
"Poison Chance and Duration","중독 확률 및 지속시간"
"Trap Trigger Area","덫 발동 범위"
"Trap Cooldown Recovery","덫 재사용 대기시간 회복"
"Mine Duration","지뢰 지속시간"
"Physical Damage as Extra Cold Damage","물리 피해를 추가 냉기 피해로 획득"
"Weapon Elemental Damage and Ailment Effect","무기 원소 피해 및 상태 이상 효과"
"Ailment Damage","상태 이상 피해"
"Damaging Ailment Duration","피해를 주는 상태 이상 지속시간"
"Chain Distance","연쇄 거리"
"Minion Accuracy","소환수 정확도"
"Minion Damage and Attack and Cast Speed","소환수 피해, 공격 및 시전 속도"
"Life Regeneration and Stun Threshold","생명력 재생 및 기절 한계치"
"Brand Critical Strike Chance","낙인 치명타 확률"
"Avoidance","긴급회피"
"Stun Avoidance","기절 긴급회피"
"Bleed Avoidance","출혈 긴급회피"
"Poison Avoidance","중독 긴급회피"
"Taste for Blood","피의 갈증"
"Tolerance","내성"
"Chance to Ignite, Freeze and Shock","점화, 동결, 감전 확률"
"Ailment Effect","상태 이상 효과"
"Life and Energy Shield on Kill","처치 시 생명력 및 에너지 보호막"
"Life and Mana on Hit","명중 시 생명력 및 마나"
"Dual Wield Attack and Cast Speed","쌍수 공격 및 시전 속도"
"Shield Spell Block","주문 방패 막기"
"Block Recovery and Energy Shield","막기 회복 및 에너지 보호막"
"Arcane Sanctuary","비전의 성역"
"Attack Damage and Leech","공격 피해 및 흡수"
"Attack Damage and Speed","공격 피해 및 속도"
"Evasion and Blind Effect","회피 및 실명 효과"
"Blind Duration","실명 지속시간"
"Maximum Fortification","방어 상승 최대치"
"Season of Ice","얼음의 계절"
"Spell Suppression","주문 억제"
"Inveterate","고질적"
"Merciless Skewering","무자비한 꿰뚫기"
"Physical Damage as Extra Fire Damage","물리 피해를 추가 화염 피해로 획득"
"Critical Strikes against Blinded Enemies","실명한 적에 대한 치명타"
"Armour per Endurance Charge","인내 충전 하나당 방어도"
"Maximum Cold Resistance","냉기 저항 최대치"
"Maximum Fire Resistance","화염 저항 최대치"
"Prismatic Skin","분광 피부"
"Courage","용기"
"Mace Critical Strike Chance","철퇴 치명타 확률"
"Spell Suppression and Life Flask Recovery","주문 억제 및 생명력 플라스크 회복"
"Entrench","견고화"
"Bow Area of Effect","활 효과 범위"
"Claw Critical Strike Multiplier","클로 치명타 피해 배율"
"Dagger Ailment Damage","단검 상태 이상 피해"
"Dagger Ailment Damage and Poison Chance","단검 상태 이상 피해 및 중독 확률"
"Dagger Critical Strike Chance","단검 치명타 확률"
"Wasting","소모성"
"Shield Damage","방패 피해"
"Spell Block","주문 막기"
"Spell Block and Elemental Resistances","주문 막기 및 원소 저항"
"Safeguard","방비"
"Life on Hit","명중 시 생명력"
"Life on Kill and Recoup","처치 시 생명력 및 회생"
"Warrior Training","전사 훈련"
"Staff Accuracy","지팡이 정확도"
"Life on Kill against Cursed Enemies","저주받은 적 처치 시 생명력"
"Minion Area of Effect","소환수 효과 범위"
"Link Mana Cost","연결 마나 소모"
"Link Mana Cost and Cast Speed","연결 마나 소모 및 시전 속도"
"Inspiring Bond","기운 나는 유대"
"Life Flasks and Flask Duration","생명력 플라스크 및 플라스크 지속시간"
"Field Medicine","야전 의술"
"Mine Area of Effect","지뢰 효과 범위"
"Mine Damage and Reservation Efficiency","지뢰 피해 및 점유 효율"
"Faster Ignite","점화 가속"
"Powerful Bond","강력한 유대"
"Link Duration and Cast Speed","연결 지속시간 및 시전 속도"
"Link Duration","연결 지속시간"
"Attack Ignite Chance","공격 점화 확률"
"Burning Damage Multiplier with Attacks","공격 시 화상 피해 배율"
"Warcry Area of Effect","함성 효과 범위"
"Unfaltering","단호함"
"Reservation Efficiency of Heralds","전령의 점유 효율"
"Spell Suppression and Energy Shield Recharge Rate","주문 억제 및 에너지 보호막 재충전 속도"
"Instinct","본능"
"Assured Strike","확실한 타격"
"Impale Chance with Two Handed Weapons","양손 무기 사용 시 꿰뚫기 확률"
"Infused Flesh","주입된 육체"
"Forking Angle","갈래 각도"
"Life Flask Charge Gain","생명력 플라스크 충전 획득"
"Mana Flask Charge Gain","마나 플라스크 충전 획득"
"Replenishing Remedies","회복 요법"
"Acrimony","신랄"
"Reservation Efficiency of Curse Skills","저주 스킬의 점유 효율"
"Mark Effect","징표 효과"
"Hearty","원기 왕성"
"Curse Effect on You and Chaos Resistance","플레이어에게 저주 효과, 카오스 저항"
"Bastion Breaker","보루 분쇄자"
"Accuracy Mastery","정확도 숙련"
"Armour and Energy Shield Mastery","방어도 및 에너지 보호막 숙련"
"Attack Mastery","공격 숙련"
"Spell Suppression Mastery","주문 억제 숙련"
"Blind Mastery","실명 숙련"
"Leech Mastery","흡수 숙련"
"Projectile Mastery","투사체 숙련"
"Caster Mastery","시전 숙련"
"Charge Mastery","충전 숙련"
"Critical Mastery","치명타 숙련"
"Link Mastery","연결 숙련"
"Damage Over Time Mastery","지속 피해 숙련"
"Dual Wielding Mastery","쌍수 숙련"
"Block Mastery","막기 숙련"
"Elemental Mastery","원소 숙련"
"Evasion and Energy Shield Mastery","회피 및 에너지 보호막 숙련"
"Armour and Evasion Mastery","방어도 및 회피 숙련"
"Physical Mastery","물리 숙련"
"Minion Offence Mastery","소환수 공격 숙련"
"Minion Defence Mastery","소환수 방어 숙련"
"Reservation Mastery","점유 숙련"
"Trap Mastery","덫 숙련"
"Attributes Mastery","능력치 숙련"
"Resistance and Ailment Protection Mastery","저항 및 상태 이상 보호 숙련"
"Heart of Darkness","어둠의 심장"
"Spiteful Presence","악의에 찬 존재"
"Destructive Aspect","파괴적인 위상"
"Electric Presence","전기의 존재"
"Volatile Presence","불안정한 존재"
"Righteous Path","정의로운 길"
"Mortifying Aspect","괴사의 위상"
"Frantic Aspect","광기의 위상"
"Introspection","자기 성찰"
"Inevitable Doom","피할 수 없는 멸망"
"Doedre's Spite","도이드리의 악의"
"Hound's Mark","사냥개의 징표"
"Doedre's Gluttony","도이드리의 폭식"
"Doedre's Apathy","도이드리의 무관심"
"Master of the Maelstrom","소용돌이의 대가"
"Aggressive Defence","공격적인 방어"
"Untiring","견인불발"
"Armour, Stun Threshold","방어도, 기절 한계치"
"Necromancer","네크로맨서"
"Divine Shield","신성한 방패"
"Resolute Technique","확고한 기술"
"The Agnostic","불가지론자"
"Minion Damage","소환수 피해"
"Physical Damage Over Time Multiplier","지속 물리 피해 배율"
"Ancestral Bond","선대의 유대"
"Blood Magic","혈마법"
"Glancing Blows","비껴내기"
"Avatar of Fire","불의 화신"
"Runebinder","룬 결속사"
"Fire Damage","화염 피해"
"Call to Arms","소집"
"Minion Critical Strike Chance","소환수 치명타 확률"
"Minion Critical Strike Multiplier","소환수 치명타 피해 배율"
"Fortification Duration","방어 상승 지속시간"
"Zealot's Oath","맹신자의 서약"
"Cold Damage","냉기 피해"
"Lightning Damage","번개 피해"
"Precision","정밀함"
"Minion Life","소환수 생명력"
"Imbalanced Guard","불안정한 방어"
"Eternal Youth","영원한 젊음"
"Damage Over Time Multiplier","지속 피해 배율"
"Elemental Overload","원소 과부하"
"Mind Over Matter","물질보다 정신"
"The Impaler","꿰뚫는 자"
"Unwavering Stance","변함없는 자세"
"Chaos Damage","카오스 피해"
"Corruption","타락"
"Carrion","송장"
"Crimson Dance","진홍색 춤"
"Life Leech","생명력 흡수"
"Iron Will","강철의 의지"
"Malicious Intent","불순한 의도(Malicious Intent)"
"Iron Reflexes","철의 반사신경"
"Iron Grip","강철 손아귀"
"Solipsism","유아론"
"Magebane","마법사 파멸"
"Doomsday","멸망의 날"
"Minion Instability","소환수 불안정"
"Conduit","도관"
"Minion Life and Chaos Resistance","소환수 생명력 및 카오스 저항"
"Versatile Combatant","유연한 전투원"
"Mana Leech","마나 흡수"
"Vaal Pact","바알의 계약"
"Bow Attack Speed and Phasing","활 공격 속도 및 차원 능력"
"Wicked Ward","사악한 수호"
"Elemental Equilibrium","원소 균형"
"Pain Attunement","고통의 조율"
"Eldritch Battery","섬뜩한 충전기"
"Bow Accuracy","활 정확도"
"Farsight","멀리 보는 자"
"Supreme Ego","자만의 정점"
"Precise Technique","정확한 기술"
"Point Blank","근접 사격"
"High Voltage","고전압"
"Lightning Critical Strike Multiplier","번개 치명타 피해 배율"
"Elemental Focus","원소 집중"
"Trap and Mine Damage","덫과 지뢰 피해"
"Entropy","엔트로피"
"Lethe Shade","레테의 그늘"
"Wind Dancer","바람의 무희"
"Chaos Inoculation","카오스 면역"
"Overprepared","준비 과다"
"Evasion Per Frenzy Charge","격분 충전 하나당 회피"
"Arrow Dancing","춤추는 화살"
"Ghost Dance","혼의 춤"
"Perfect Agony","완벽한 고통"
"Ghost Reaver","혼 강탈자"
"Acrobatics","곡예"
"Pierce","관통"
"Soul Drinker","영혼 흡수자"
"Evasion and Energy Shield, Frenzy Charge Duration","회피 및 에너지 보호막, 격분 충전 지속시간"
"Spellbreaker","주문분쇄자"
"Evasion and Energy Shield, Energy Shield Leech","회피 및 에너지 보호막, 에너지 보호막 흡수"
"One Step Ahead","한발 앞서"
"Evasion and Energy Shield, Damage","회피 및 에너지 보호막, 피해"
"Evasion and Energy Shield, Energy Shield Recharge","회피 및 에너지 보호막, 에너지 보호막 재충전"
"Polymath","대학자"
"Evasion and Energy Shield, Movement Speed","회피 및 에너지 보호막, 이동 속도"
"Evasion and Energy Shield, Attack and Cast Speed","회피 및 에너지 보호막, 공격 및 시전 속도"
"Far Shot","장거리 사격"
"Disciple of Kitava","키타바의 신봉자"
"Lone Messenger","고독한 전달자"
"Nature's Patience","자연의 인내"
"Secrets of Suffering","고통의 비밀"
"Kineticism","역학의 예술"
"Veteran's Awareness","노병의 마음가짐"
"Hollow Palm Technique","공허의 손아귀 기술"
"Pitfighter","투사"
"Feast of Flesh","육체의 연회"
"Axe and Sword Damage","도끼와 검 피해"
"Axe and Sword Damage Mastery","도끼와 검 피해 숙련"
"Mace and Staff Damage","철퇴와 지팡이 피해"
"Mace and Staff Damage Mastery","철퇴와 지팡이 피해 숙련"
"Dagger and Claw Damage","단검과 클로 피해"
"Dagger and Claw Damage Mastery","단검과 클로 피해 숙련"
"Bow Damage Mastery","활 피해 숙련"
"Wand Damage Mastery","마법봉 피해 숙련"
"Damage with Two Handed Weapons","양손 무기 피해"
"Damage with Two Handed Melee Weapons Mastery","양손 근접 무기 사용 시 피해 숙련"
"Attack Damage while Dual Wielding","쌍수 장착 시 공격 피해"
"Attack Damage while Dual Wielding Mastery","쌍수 장착 시 공격 피해 숙련"
"Attack Damage while holding a Shield","방패를 들고 있는 동안 공격 피해"
"Attack Damage while holding a Shield Mastery","방패를 들고 있는 동안 공격 피해 숙련"
"Fire Damage Mastery","화염 피해 숙련"
"Lightning Damage Mastery","번개 피해 숙련"
"Cold Damage Mastery","냉기 피해 숙련"
"Minion Damage Mastery","소환수 피해 숙련"
"Fire Damage over Time","지속 화염 피해"
"Fire Damage over Time Multiplier Mastery","지속 화염 피해 배율 숙련"
"Chaos Damage over Time","지속 카오스 피해"
"Chaos Damage over Time Multiplier Mastery","지속 카오스 피해 배율 숙련"
"Physical Damage over Time","지속 물리 피해"
"Physical Damage over Time Multiplier Mastery","지속 물리 피해 배율 숙련"
"Cold Damage over Time","지속 냉기 피해"
"Cold Damage over Time Multiplier Mastery","지속 냉기 피해 배율 숙련"
"Damage over Time","지속 피해"
"Effect of Non-Damaging Ailments","비-피해 상태 이상 효과"
"Effect of Non-Damaging Ailments Mastery","비-피해 상태 이상 효과 숙련"
"Aura Effect Mastery","오라 이펙트 숙련"
"Curse Effect Mastery","저주 효과 숙련"
"Damage while you have a Herald Mastery","전령이 있는 동안 피해 숙련"
"Minion Damage while you have a Herald","전령이 있는 동안 소환수 피해"
"Minion Damage while you have a Herald Mastery","전령이 있는 동안 소환수 피해 숙련"
"Warcry Buff Effect Mastery","함성 버프 효과 숙련"
"Critical Chance","치명타 확률"
"Critical Chance Mastery","치명타 확률 숙련"
"Minion Life Mastery","소환수 생명력 숙련"
"Area Damage","범위 피해"
"Area Damage Mastery","범위 피해 숙련"
"Totem Damage Mastery","토템 피해 숙련"
"Brand Damage Mastery","낙인 피해 숙련"
"Channelling Skill Damage","집중 유지 스킬 피해"
"Channelling Skill Damage Mastery","집중 유지 스킬 피해 숙련"
"Flask Duration","플라스크 지속시간"
"Flask Duration Mastery","플라스크 지속시간 숙련"
"Life and Mana recovery from Flasks","플라스크로 얻는 생명력과 마나 회복"
"Life and Mana recovery from Flasks Mastery","플라스크로 얻는 생명력과 마나 회복 숙련"
"Chance to Block Attack Damage","공격 피해 막기 확률"
"Chance to Block Spell Damage","주문 피해 막기 확률"
"Chance to Suppress Spell Damage","주문 피해 억제 확률"
